season,episode,name,lines,,,,
1,1,Jim,36,,,,
1,1,Michael,82,,,,
1,1,Pam,40,,,,
1,1,Dwight,29,,,,
1,1,Jan,12,,,,
1,1,Todd Packer,3,,,,
1,1,Phyllis,2,,,,
1,1,Stanley,5,,,,
1,1,Oscar,3,,,,
1,1,Angela,1,,,,
1,1,Kevin,1,,,,
1,1,Ryan,8,,,,
1,1,Man,1,,,,
1,1,Roy,5,,,,
1,2,Michael,75,,,,
1,2,Mr. Brown,36,,,,
1,2,Jim,25,,,,
1,2,Dwight,17,,,,
1,2,Pam,12,,,,
1,2,Oscar,13,,,,
1,2,Kevin,8,,,,
1,2,Toby,2,,,,
1,2,Kelly,2,,,,
1,2,Stanley,5,,,,
1,2,Ryan,4,,,,
1,2,Angela,4,,,,
1,3,Michael,55,,,,
1,3,Pam,32,,,,
1,3,Jan,18,,,,
1,3,Jim,42,,,,
1,3,Dwight,62,,,,
1,3,Stanley,6,,,,
1,3,Oscar,9,,,,
1,3,Kevin,6,,,,
1,3,Angela,5,,,,
1,3,Meredith,3,,,,
1,3,Travel Agent,1,,,,
1,3,Man on Phone,3,,,,
1,3,Ryan,1,,,,
1,4,Dwight,47,,,,
1,4,Michael,68,,,,
1,4,Stanley,2,,,,
1,4,Pam,22,,,,
1,4,Phyllis,5,,,,
1,4,Angela,7,,,,
1,4,Jim,49,,,,
1,4,Kevin,3,,,,
1,4,Toby,4,,,,
1,4,Oscar,14,,,,
1,4,Ryan,4,,,,
1,4,Everybody,5,,,,
1,4,Meredith,10,,,,
1,4,Roy,3,,,,
1,5,Michael,104,,,,
1,5,Dwight,25,,,,
1,5,Jim,21,,,,
1,5,Phyllis,4,,,,
1,5,Pam,14,,,,
1,5,Ryan,8,,,,
1,5,Lonny,5,,,,
1,5,Darryl,15,,,,
1,5,Everybody,1,,,,
1,5,Stanley,3,,,,
1,5,Oscar,2,,,,
1,5,Kevin,1,,,,
1,5,Angela,3,,,,
1,5,Roy,12,,,,
1,5,Teammates,1,,,,
1,5,Michael and Dwight,1,,,,
1,5,Warehouse worker,2,,,,
1,5,Madge,3,,,,
1,5,Worker,5,,,,
1,6,Jan,8,,,,
1,6,Michael,106,,,,
1,6,Dwight,28,,,,
1,6,Pam,42,,,,
1,6,Katy,58,,,,
1,6,Kevin,4,,,,
1,6,Ryan,12,,,,
1,6,Oscar,1,,,,
1,6,Toby,6,,,,
1,6,Roy,14,,,,
1,6,Jim,55,,,,
1,6,Stanley,3,,,,
1,6,Angela,3,,,,
2,1,Michael,96,,,,
2,1,Jim,32,,,,
2,1,Pam,40,,,,
2,1,Dwight,32,,,,
2,1,Stanley,8,,,,
2,1,Oscar,2,,,,
2,1,Kelly,7,,,,
2,1,Phyllis,10,,,,
2,1,Jan,9,,,,
2,1,Roy,6,,,,
2,1,Kevin,1,,,,
2,1,Darryl,1,,,,
2,1,Ryan,2,,,,
2,1,Angela,1,,,,
2,1,Guy at bar,1,,,,
2,1,Other Guy at Bar,1,,,,
2,1,Guy At Bar,2,,,,
2,1,Pam and Jim,1,,,,
2,1,Everybody,1,,,,
2,1,Employee,1,,,,
2,1,Chili's Employee,1,,,,
2,2,Michael,99,,,,
2,2,Jim,16,,,,
2,2,Dwight,11,,,,
2,2,Todd Packer,19,,,,
2,2,Ryan,1,,,,
2,2,Pam,27,,,,
2,2,Toby,26,,,,
2,2,Darryl,9,,,,
2,2,Roy,14,,,,
2,2,Warehouse Guy,1,,,,
2,2,Warehouse guy,2,,,,
2,2,Kevin,6,,,,
2,2,Angela,2,,,,
2,2,Stanley,1,,,,
2,2,Meredith,1,,,,
2,2,Phyllis,6,,,,
2,2,Man in Video,1,,,,
2,2,Video,1,,,,
2,2,Actor,2,,,,
2,2,Redheaded Actress,1,,,,
2,2,Jan,11,,,,
2,2,Mr. O'Malley,1,,,,
2,2,Albiny,2,,,,
2,2,Pam's Mom,18,,,,
2,3,Michael,83,,,,
2,3,Ryan,5,,,,
2,3,Dwight,55,,,,
2,3,Pam,30,,,,
2,3,Jim,54,,,,
2,3,Kevin,8,,,,
2,3,Oscar,10,,,,
2,3,Carol,15,,,,
2,3,Bill,2,,,,
2,3,Stanley,3,,,,
2,3,Angela,5,,,,
2,3,Phyllis,2,,,,
2,3,Meredith,1,,,,
2,3,Everyone,1,,,,
2,3,Crowd,1,,,,
2,4,Pam,22,,,,
2,4,Jim,51,,,,
2,4,Michael,69,,,,
2,4,Ryan,40,,,,
2,4,Dwight,64,,,,
2,4,Oscar,4,,,,
2,4,Angela,17,,,,
2,4,Phyllis,6,,,,
2,4,Kelly,4,,,,
2,4,Stanley,5,,,,
2,4,Meredith,4,,,,
2,4,Kevin,4,,,,
2,4,song,1,,,,
2,4,Song,6,,,,
2,4,Roy,6,,,,
2,4,Dwight and Michael,2,,,,
2,4,Katy,11,,,,
2,5,Michael,108,,,,
2,5,Pam,27,,,,
2,5,Sherri,11,,,,
2,5,Dwight,33,,,,
2,5,Jim,30,,,,
2,5,Phyllis,3,,,,
2,5,Oscar,7,,,,
2,5,Angela,13,,,,
2,5,Kevin,2,,,,
2,5,Kelly,3,,,,
2,5,Stanley,3,,,,
2,5,Ryan,1,,,,
2,5,Creed,16,,,,
2,5,Devon,8,,,,
2,5,Children,1,,,,
2,5,Kid,3,,,,
2,6,Dwight,64,,,,
2,6,Jim,49,,,,
2,6,Stanley,3,,,,
2,6,Pam,25,,,,
2,6,Michael,85,,,,
2,6,Ryan,17,,,,
2,6,Kevin,3,,,,
2,6,Toby,5,,,,
2,6,Angela,3,,,,
2,6,Kelly,3,,,,
2,6,Ira,9,,,,
2,6,Ryan's Voicemail,1,,,,
2,7,Ryan,6,,,,
2,7,Jim,40,,,,
2,7,Pam,32,,,,
2,7,Jan,46,,,,
2,7,Michael,72,,,,
2,7,Oscar,4,,,,
2,7,Toby,1,,,,
2,7,Kelly,1,,,,
2,7,Dwight,22,,,,
2,7,Christian,19,,,,
2,7,Hostess,1,,,,
2,7,Everyone,1,,,,
2,7,Phyllis,4,,,,
2,7,Michael and Christian,2,,,,
2,7,Roy,1,,,,
2,7,Kevin,1,,,,
2,8,Dwight,42,,,,
2,8,Jim,26,,,,
2,8,Michael,103,,,,
2,8,Pam,30,,,,
2,8,Stanley,4,,,,
2,8,Angela,5,,,,
2,8,Jan,52,,,,
2,8,Kevin,3,,,,
2,8,Oscar,1,,,,
2,8,Ryan,1,,,,
2,8,Kelly,2,,,,
2,8,Phyllis,1,,,,
2,8,Toby,1,,,,
2,8,Creed,1,,,,
2,9,Michael,80,,,,
2,9,Jim,52,,,,
2,9,Kevin,8,,,,
2,9,Sadiq (IT guy),4,,,,
2,9,Dwight,34,,,,
2,9,Oscar,6,,,,
2,9,Stanley,2,,,,
2,9,Angela,13,,,,
2,9,Pam,38,,,,
2,9,Mark,2,,,,
2,9,Ryan,2,,,,
2,9,Improv Teacher,15,,,,
2,9,Mary-Beth,3,,,,
2,9,Girl acting Pregnant,1,,,,
2,9,Actor,1,,,,
2,9,Actress,1,,,,
2,9,Bill,5,,,,
2,9,Kelly,1,,,,
2,9,Phyllis,4,,,,
2,9,Michael and Jim,2,,,,
2,10,Dwight,41,,,,
2,10,Michael,87,,,,
2,10,Kevin,11,,,,
2,10,Jim,27,,,,
2,10,Angela,9,,,,
2,10,Phyllis,5,,,,
2,10,Ryan,15,,,,
2,10,Pam,17,,,,
2,10,Kevin & Oscar,1,,,,
2,10,Darryl,11,,,,
2,10,Toby,3,,,,
2,10,Oscar,8,,,,
2,10,Stanley,5,,,,
2,10,All,1,,,,
2,10,Kelly,8,,,,
2,10,Creed,4,,,,
2,10,Meredith,10,,,,
2,10,Liquor Store Clerk,2,,,,
2,10,JIm,1,,,,
2,10,Roy,8,,,,
2,10,Bob Vance,4,,,,
2,10,Phyllis, Meredith, Michael, Kevin,1,
2,10,Todd Packer,3,,,,
2,11,Jim,29,,,,
2,11,Dwight,22,,,,
2,11,Pam,17,,,,
2,11,Michael,75,,,,
2,11,Phyllis,4,,,,
2,11,Stanley,8,,,,
2,11,Meredith,3,,,,
2,11,Ryan,2,,,,
2,11,Kelly,4,,,,
2,11,Oscar,1,,,,
2,11,Darryl,3,,,,
2,11,Captain Jack,30,,,,
2,11,Katy,9,,,,
2,11,Roy,11,,,,
2,11,Brenda,3,,,,
2,11,Angela,1,,,,
2,11,Darryl and Katy,1,,,,
2,12,Oscar,3,,,,
2,12,Jim,54,,,,
2,12,Pam,56,,,,
2,12,Michael,123,,,,
2,12,Phyllis,3,,,,
2,12,Kevin,2,,,,
2,12,Dwight,58,,,,
2,12,Jim and Pam,1,,,,
2,12,Ryan,13,,,,
2,12,Angela,5,,,,
2,12,Toby,7,,,,
2,12,Creed,1,,,,
2,12,Stanley,4,,,,
2,12,Kelly,1,,,,
2,12,Billy Merchant,17,,,,
2,12,Meredith,1,,,,
2,12,Doctor,4,,,,
2,12,Lab Tech,3,,,,
2,13,Jim,50,,,,
2,13,Pam,27,,,,
2,13,Michael,92,,,,
2,13,Stanley,3,,,,
2,13,Ryan,7,,,,
2,13,Kevin,7,,,,
2,13,Dwight,37,,,,
2,13,Angela,5,,,,
2,13,Oscar,9,,,,
2,13,Kelly,5,,,,
2,13,Dana,8,,,,
2,13,Hooter's Girls,1,,,,
2,13,Toby,3,,,,
2,13,Phylis,1,,,,
2,13,Creed,3,,,,
2,13,Gil,2,,,,
2,14,Ryan,13,,,,
2,14,Jim,27,,,,
2,14,Michael,100,,,,
2,14,Pam,27,,,,
2,14,Kevin,6,,,,
2,14,Pam and others,1,,,,
2,14,Toby,1,,,,
2,14,Creed,9,,,,
2,14,Dwight,24,,,,
2,14,Kelly,9,,,,
2,14,Stanley,2,,,,
2,14,Oscar,5,,,,
2,14,Michael and Dwight,1,,,,
2,14,Roy,6,,,,
2,14,Angela,2,,,,
2,14,Phyllis,1,,,,
2,14,Darryl,3,,,,
2,14,Ed,9,,,,
2,14,Todd Packer,1,,,,
2,14,Packer,6,,,,
2,14,Todd,1,,,,
2,14,Jim's voicemail,1,,,,
2,15,Jan,55,,,,
2,15,Pam,26,,,,
2,15,Michael,76,,,,
2,15,Dwight,12,,,,
2,15,Jim,22,,,,
2,15,Darryl,27,,,,
2,15,Roy,15,,,,
2,15,Kevin,3,,,,
2,15,Meredith,5,,,,
2,15,Phyllis,9,,,,
2,15,Angela,5,,,,
2,15,Kelly,9,,,,
2,15,Ryan,2,,,,
2,15,Lonny,3,,,,
2,15,Madge,2,,,,
2,15,Guy,4,,,,
2,15,Group chant,1,,,,
2,15,Stanley,1,,,,
2,15,All the Men,1,,,,
2,16,Pam,22,,,,
2,16,Delivery man,5,,,,
2,16,Meredith,2,,,,
2,16,Phyllis,3,,,,
2,16,Michael,44,,,,
2,16,Dwight,19,,,,
2,16,Oscar,2,,,,
2,16,Jim,15,,,,
2,16,Kelly,13,,,,
2,16,Ryan,4,,,,
2,16,Kevin,5,,,,
2,16,Angela,4,,,,
2,16,Craig,11,,,,
2,16,Josh,11,,,,
2,16,Jan,16,,,,
2,16,David,12,,,,
2,16,Dan,1,,,,
2,16,Roy,5,,,,
2,17,Michael,52,,,,
2,17,Dwight,49,,,,
2,17,Jim,34,,,,
2,17,Creed,4,,,,
2,17,Ryan,7,,,,
2,17,Pam,19,,,,
2,17,Phyllis,4,,,,
2,17,Oscar,3,,,,
2,17,Stanley,5,,,,
2,17,Kelly,5,,,,
2,17,Angela,4,,,,
2,17,Kevin,4,,,,
2,17,Toby,4,,,,
2,17,Overhead,1,,,,
2,17,Speaker,2,,,,
2,17,Crowd,1,,,,
2,18,Pam,20,,,,
2,18,Jim,17,,,,
2,18,Michael,77,,,,
2,18,Jim and Dwight,1,,,,
2,18,Dwight,22,,,,
2,18,Toby,13,,,,
2,18,Kevin,5,,,,
2,18,Stanley,6,,,,
2,18,Melissa,13,,,,
2,18,Meredith,2,,,,
2,18,Angela,4,,,,
2,18,Kelly,6,,,,
2,18,Sasha,8,,,,
2,18,Ryan,10,,,,
2,18,Abby,12,,,,
2,18,Jake,20,,,,
2,18,The Kids,1,,,,
2,18,Creed,4,,,,
2,18,Kids,2,,,,
2,18,Miss Trudy,2,,,,
2,18,Edward R. Meow,7,,,,
2,18,Chet,2,,,,
2,18,Oscar,1,,,,
2,18,Darryl,1,,,,
2,18,Young Michael,2,,,,
2,18,Roy,1,,,,
2,18,Michael and Dwight,2,,,,
2,19,Michael,85,,,,
2,19,Oscar,7,,,,
2,19,Ryan,3,,,,
2,19,Toby,8,,,,
2,19,Jim,22,,,,
2,19,Pam,26,,,,
2,19,Meredith,1,,,,
2,19,Kevin,14,,,,
2,19,Dwight,42,,,,
2,19,Phyllis,2,,,,
2,19,Angela,11,,,,
2,19,Jan,5,,,,
2,19,Stanley,3,,,,
2,19,Kelly,3,,,,
2,19,Delivery Woman,3,,,,
2,19,Delivery Boy,2,,,,
2,19,Office Staff,1,,,,
2,19,Store Employee,1,,,,
2,19,Carol,4,,,,
2,20,Dwight,68,,,,
2,20,Jim,18,,,,
2,20,Kevin,5,,,,
2,20,Pam,15,,,,
2,20,Kelly,5,,,,
2,20,Ryan,7,,,,
2,20,Michael,50,,,,
2,20,Oscar,6,,,,
2,20,Phyllis,3,,,,
2,20,Creed,1,,,,
2,20,Stanley,6,,,,
2,20,Pam/Jim,1,,,,
2,20,Angela,5,,,,
2,20,Toby,5,,,,
2,20,Linda,5,,,,
2,20,Hank,5,,,,
2,21,Kevin,3,,,,
2,21,Pam,24,,,,
2,21,Jim,28,,,,
2,21,Phyllis,12,,,,
2,21,Angela,12,,,,
2,21,Michael,88,,,,
2,21,I.D. Photographer,1,,,,
2,21,Dwight,33,,,,
2,21,Ryan,4,,,,
2,21,Oscar,9,,,,
2,21,Toby,22,,,,
2,21,Photographer,9,,,,
2,21,Creed,3,,,,
2,21,Kelly,2,,,,
2,21,Anglea,1,,,,
2,21,Stanley,4,,,,
2,21,Female worker,1,,,,
2,22,Michael,93,,,,
2,22,Jim,51,,,,
2,22,Dwight,31,,,,
2,22,Pam,44,,,,
2,22,Roy,11,,,,
2,22,Jan,40,,,,
2,22,Oscar,4,,,,
2,22,Angela,5,,,,
2,22,Creed,4,,,,
2,22,Kevin,16,,,,
2,22,Toby,4,,,,
2,22,Phyllis,7,,,,
2,22,Darryl,8,,,,
2,22,Carol,30,,,,
2,22,Billy's Girlfriend,2,,,,
2,22,Billy,4,,,,
2,22,Stanley,1,,,,
2,22,Dealer,5,,,,
2,22,Meredith,1,,,,
2,22,Ryan,1,,,,
2,22,Bob Vance,1,,,,
2,22,Bob,2,,,,
3,1,Jim,10,,,,
3,1,Pam,6,,,,
3,1,Michael,49,,,,
3,1,Toby,9,,,,
3,1,Oscar,15,,,,
3,1,Angela,4,,,,
3,1,Andy,5,,,,
3,1,Josh,1,,,,
3,1,Karen,1,,,,
3,1,Dwight,16,,,,
3,1,Roy,4,,,,
3,1,Stanley,1,,,,
3,1,Kelly,1,,,,
3,1,Jan,7,,,,
3,1,Creed,1,,,,
3,1,Kevin,1,,,,
3,1,Phyllis,3,,,,
3,2,Michael,108,,,,
3,2,Pam,30,,,,
3,2,Ryan,3,,,,
3,2,Angela,9,,,,
3,2,Dwight,37,,,,
3,2,Kelly,8,,,,
3,2,Dwight and Michael,1,,,,
3,2,Creed,2,,,,
3,2,Meredith,1,,,,
3,2,Josh,21,,,,
3,2,Jim,32,,,,
3,2,Kevin,3,,,,
3,2,Toby,6,,,,
3,2,Jan,12,,,,
3,2,Jerome Bettis,4,,,,
3,2,Ted,1,,,,
3,2,Waiter,1,,,,
3,2,Phyllis,2,,,,
3,2,Stanley,1,,,,
3,2,Jim, Josh, and Dwight,1,,
3,2,Evan,6,,,,
3,2,Alan,8,,,,
3,2,Guy,2,,,,
3,3,Michael,73,,,,
3,3,Dwight,70,,,,
3,3,Pam,17,,,,
3,3,Kevin,4,,,,
3,3,Jan,25,,,,
3,3,Angela,12,,,,
3,3,Jim,11,,,,
3,3,Kelly,7,,,,
3,3,Andy,10,,,,
3,3,Karen,7,,,,
3,3,Phyllis,5,,,,
3,3,Roy,2,,,,
3,3,Josh,8,,,,
3,3,Stanley,2,,,,
3,3,Creed,2,,,,
3,4,Michael,82,,,,
3,4,Ryan,5,,,,
3,4,Dwight,35,,,,
3,4,Pam,25,,,,
3,4,Ryan and others,1,,,,
3,4,Jan,12,,,,
3,4,Kelly,3,,,,
3,4,Phyllis,3,,,,
3,4,Josh,3,,,,
3,4,Karen,15,,,,
3,4,Jim,15,,,,
3,4,Andy,4,,,,
3,4,Creed,6,,,,
3,4,Angela,6,,,,
3,4,Stanley,5,,,,
3,4,Roy,5,,,,
3,4,Kevin,2,,,,
3,4,Toby,3,,,,
3,4,Meredith,1,,,,
3,5,Dwight,45,,,,
3,5,Ryan,36,,,,
3,5,Jan,7,,,,
3,5,Michael,33,,,,
3,5,Pam,52,,,,
3,5,Karen,9,,,,
3,5,Jim,45,,,,
3,5,Andy,5,,,,
3,5,Announcer,1,,,,
3,5,Stanley,6,,,,
3,5,Kelly,6,,,,
3,5,Phyllis,2,,,,
3,5,Bob,2,,,,
3,5,Pretzel guy,3,,,,
3,5,Angela,4,,,,
3,5,Cousin Mose,1,,,,
3,5,Kevin,3,,,,
3,5,Toby,1,,,,
3,6,Kelly,15,,,,
3,6,Michael,56,,,,
3,6,Pam,23,,,,
3,6,Phyllis,2,,,,
3,6,Meredith,2,,,,
3,6,Dwight,6,,,,
3,6,Kevin,6,,,,
3,6,Roy,1,,,,
3,6,Angela,10,,,,
3,6,Stanley,1,,,,
3,6,Jim,19,,,,
3,6,Karen,14,,,,
3,6,Tony,2,,,,
3,6,Andy,14,,,,
3,6,Creed,1,,,,
3,6,Toby,2,,,,
3,6,Josh,2,,,,
3,6,Carol,12,,,,
3,6,Server,1,,,,
3,6,Ryan,7,,,,
3,6,Girls,1,,,,
3,6,Kelly's Mom,5,,,,
3,6,Overhead,1,,,,
3,6,Kelly's Father,3,,,,
3,6,Crowd,1,,,,
3,6,Young Man,1,,,,
3,6,Andy and Jim,4,,,,
3,7,Karen,9,,,,
3,7,Jim,21,,,,
3,7,Dwight,37,,,,
3,7,Michael,66,,,,
3,7,Jan,32,,,,
3,7,Dwight ,1,,,,
3,7,Andy,5,,,,
3,7,Pam,22,,,,
3,7,Toby,3,,,,
3,7,Angela,7,,,,
3,7,Ryan,7,,,,
3,7,Kelly,2,,,,
3,7,Stanley,1,,,,
3,7,Roy,4,,,,
3,7,Kevin,12,,,,
3,7,Darryl,4,,,,
3,7,Josh,10,,,,
3,7,M ichael,1,,,,
3,7,Michael ,1,,,,
3,7,Phyllis,8,,,,
3,7,Dwight:,1,,,,
3,7,Michael and Dwight,2,,,,
3,8,Jim,66,,,,
3,8,Andy,40,,,,
3,8,Karen,26,,,,
3,8,Pam,36,,,,
3,8,Toby,16,,,,
3,8,Dwight,73,,,,
3,8,Michael,125,,,,
3,8,Hannah,9,,,,
3,8,Tony,21,,,,
3,8,Kevin,7,,,,
3,8,Martin,5,,,,
3,8,Ryan,9,,,,
3,8,Kelly,6,,,,
3,8,Male voice,1,,,,
3,8,Meredith,2,,,,
3,8,Michael & Dwight,1,,,,
3,8,Michael and Dwight,1,,,,
3,8,Angela,4,,,,
3,8,Creed,2,,,,
3,8,Phyllis,8,,,,
3,8,Stanley,4,,,,
3,8,Andy & Michael,2,,,,
3,8,Jan,6,,,,
3,9,Pam,16,,,,
3,9,Hannah,5,,,,
3,9,Stanley,2,,,,
3,9,Michael,54,,,,
3,9,Karen,10,,,,
3,9,Jim,31,,,,
3,9,Angela,10,,,,
3,9,Jan,7,,,,
3,9,Kevin,13,,,,
3,9,Andy,17,,,,
3,9,Dwight,4,,,,
3,9,Martin,11,,,,
3,9,Meredith,1,,,,
3,9,Ryan,3,,,,
3,9,Creed,2,,,,
3,9,Phyllis,1,,,,
3,9,Toby,4,,,,
3,10,Dwight,61,,,,
3,10,Pam,57,,,,
3,10,Jim,43,,,,
3,10,Toby,8,,,,
3,10,Phyllis,12,,,,
3,10,Creed,3,,,,
3,10,Michael,108,,,,
3,10,Kevin,14,,,,
3,10,Andy,27,,,,
3,10,Carol,18,,,,
3,10,Stanley,3,,,,
3,10,Angela,37,,,,
3,10,Karen,34,,,,
3,10,Meredith,3,,,,
3,10,Kelly,5,,,,
3,10,Ryan,8,,,,
3,10,Waitress,1,,,,
3,10,Roy,6,,,,
3,10,Chef,2,,,,
3,10,Woman at bar,1,,,,
3,10,Cindy,2,,,,
3,10,Hannah,2,,,,
3,10,Man,1,,,,
3,10,Darryl,3,,,,
3,10,Everybody,1,,,,
3,10,Second Cindy,12,,,,
3,10,Other waitress,2,,,,
3,10,Andy and Michael,1,,,,
3,10,Both,2,,,,
3,10,Oscar,1,,,,
3,12,Jim,25,,,,
3,12,Dwight,22,,,,
3,12,Karen,9,,,,
3,12,Phyllis,2,,,,
3,12,Andy,3,,,,
3,12,Michael,68,,,,
3,12,Pam,33,,,,
3,12,Stanley,4,,,,
3,12,Angela,4,,,,
3,12,Everybody,2,,,,
3,12,Packer,7,,,,
3,12,Roy,5,,,,
3,12,Darryl,6,,,,
3,12,Kevin,5,,,,
3,12,Toby,7,,,,
3,12,Jan,12,,,,
3,13,Michael,48,,,,
3,13,Harvey,7,,,,
3,13,Jim,39,,,,
3,13,Pam,26,,,,
3,13,Kevin,7,,,,
3,13,Angela,17,,,,
3,13,Andy,29,,,,
3,13,Dwight,33,,,,
3,13,Phyllis,10,,,,
3,13,Karen,16,,,,
3,13,Stanley,8,,,,
3,13,Ryan,8,,,,
3,13,Buyer,2,,,,
3,13,Kenny,1,,,,
3,13,Julius,3,,,,
3,13,Guy,1,,,,
3,13,Man,5,,,,
3,13,Phone,1,,,,
3,13,Kelly,2,,,,
3,13,Jan,1,,,,
3,14,Dwight,25,,,,
3,14,Andy,40,,,,
3,14,Jim,25,,,,
3,14,Michael,48,,,,
3,14,Oscar,11,,,,
3,14,Kevin,3,,,,
3,14,Angela,14,,,,
3,14,Staples Guy,1,,,,
3,14,Pam,10,,,,
3,14,MIchael,1,,,,
3,14,Lady,2,,,,
3,14,Karen,4,,,,
3,14,Ryan,3,,,,
3,14,Phyllis,3,,,,
3,14,Stanley,2,,,,
3,14,Paris,6,,,,
3,14,Everybody,1,,,,
3,14,Creed,3,,,,
3,14,Meredith,2,,,,
3,14,Marcy,3,,,,
3,15,Michael,76,,,,
3,15,Dwight,28,,,,
3,15,Pam,30,,,,
3,15,Jim,25,,,,
3,15,Angela,4,,,,
3,15,Karen,15,,,,
3,15,Packer,11,,,,
3,15,Meredith,2,,,,
3,15,Ryan,6,,,,
3,15,Ben Franklin,24,,,,
3,15,Elizabeth,17,,,,
3,15,Stanley,1,,,,
3,15,Kevin,2,,,,
3,15,Roy,1,,,,
3,15,Bob Vance,1,,,,
3,15,Jan,6,,,,
3,15,Kelly,3,,,,
3,16,Jim,19,,,,
3,16,Dwight,25,,,,
3,16,Michael,49,,,,
3,16,Photographer,1,,,,
3,16,Phyllis,15,,,,
3,16,Pam,15,,,,
3,16,Stanley,2,,,,
3,16,Karen,4,,,,
3,16,Angela,3,,,,
3,16,Kevin,4,,,,
3,16,Toby,2,,,,
3,16,Kelly,5,,,,
3,16,Meredith,1,,,,
3,16,Priest,4,,,,
3,16,Bob Vance,7,,,,
3,16,Uncle Al,7,,,,
3,16,Roy,9,,,,
3,16,Randy,2,,,,
3,16,Unknown,1,,,,
3,16,Crowd,1,,,,
3,16,Women,1,,,,
3,17,Michael,45,,,,
3,17,Kevin,6,,,,
3,17,Ryan,14,,,,
3,17,Dwight,22,,,,
3,17,Roy,8,,,,
3,17,Pam,26,,,,
3,17,Jim,11,,,,
3,17,Kelly,9,,,,
3,17,College Student,1,,,,
3,17,Karen,5,,,,
3,17,Stanley,1,,,,
3,17,Angela,2,,,,
3,17,Toby,3,,,,
3,17,Business Student #1,4,,,,
3,17,Creed,5,,,,
3,17,Business Student #2,3,,,,
3,17,Business Student #3,2,,,,
3,17,Meredith,3,,,,
3,17,Woman,4,,,,
3,17,Kenny,1,,,,
3,17,Oscar,4,,,,
3,17,Gil,4,,,,
3,17,Artist,1,,,,
3,18,Michael,84,,,,
3,18,Dwight,31,,,,
3,18,Jim,21,,,,
3,18,Pam,22,,,,
3,18,Kevin,8,,,,
3,18,Jan,46,,,,
3,18,Roy,22,,,,
3,18,Rachel,10,,,,
3,18,Kelly,1,,,,
3,18,Kenny,7,,,,
3,18,Everyone,1,,,,
3,18,Angela,1,,,,
3,18,Dan Gore,1,,,,
3,18,David,8,,,,
3,18,Bartender,1,,,,
3,18,Man,1,,,,
3,18,Karen,12,,,,
3,18,Ryan,3,,,,
3,18,Student 1,1,,,,
3,18,Creed,2,,,,
3,18,Student 2,1,,,,
3,18,Toby,3,,,,
3,18,Child,2,,,,
3,19,Karen,15,,,,
3,19,Jim,41,,,,
3,19,Kevin,8,,,,
3,19,Roy,8,,,,
3,19,Pam,14,,,,
3,19,Dwight,17,,,,
3,19,Michael,103,,,,
3,19,Jan,30,,,,
3,19,Toby,17,,,,
3,19,Oscar,4,,,,
3,19,Angela,11,,,,
3,19,Kelly,14,,,,
3,19,Ryan,9,,,,
3,19,Darryl,42,,,,
3,19,Phyllis,4,,,,
3,19,Stanley,4,,,,
3,19,Creed,3,,,,
3,19,Hunter,1,,,,
3,19,Andy,2,,,,
3,20,Andy,17,,,,
3,20,Pam,19,,,,
3,20,Jim,23,,,,
3,20,Dwight,54,,,,
3,20,Michael,78,,,,
3,20,Darryl,25,,,,
3,20,Lonny,11,,,,
3,20,Madge,2,,,,
3,20,Kevin,13,,,,
3,20,Guy,1,,,,
3,20,Oscar,3,,,,
3,20,Darry,1,,,,
3,20,Toby,8,,,,
3,20,Ryan,5,,,,
3,20,Kelly,5,,,,
3,20,Karen,4,,,,
3,20,Everyone,1,,,,
3,20,Micheal,1,,,,
3,20,Creed,3,,,,
3,20,Stanley,2,,,,
3,20,Angela,1,,,,
3,21,Jim,42,,,,
3,21,Dwight,31,,,,
3,21,Pam,14,,,,
3,21,Phyllis,1,,,,
3,21,Stanley,1,,,,
3,21,Michael,50,,,,
3,21,Ryan,2,,,,
3,21,Karen,4,,,,
3,21,Creed,8,,,,
3,21,Oscar,6,,,,
3,21,Angela,11,,,,
3,21,Andy,32,,,,
3,21,Kelly,8,,,,
3,21,Kevin,7,,,,
3,21,Chad Lite,6,,,,
3,21,Jamie,3,,,,
3,21,Barbara,14,,,,
3,21,School Official,4,,,,
3,22,Jim,29,,,,
3,22,Dwight,40,,,,
3,22,Pam,35,,,,
3,22,Phyllis,12,,,,
3,22,Andy,10,,,,
3,22,Angela,11,,,,
3,22,Creed,6,,,,
3,22,Ryan,5,,,,
3,22,Michael,78,,,,
3,22,Kevin,11,,,,
3,22,Toby,7,,,,
3,22,Jan,11,,,,
3,22,Hunter,1,,,,
3,22,Karen,15,,,,
3,22,Meredith,5,,,,
3,22,Kelly,4,,,,
3,23,Michael,105,,,,
3,23,Dwight,38,,,,
3,23,Pam,23,,,,
3,23,David,9,,,,
3,23,Oscar,5,,,,
3,23,Toby,4,,,,
3,23,Kevin,5,,,,
3,23,Stanley,11,,,,
3,23,Angela,8,,,,
3,23,Jim,22,,,,
3,23,Andy,18,,,,
3,23,Kelly,9,,,,
3,23,Karen,9,,,,
3,23,Ryan,3,,,,
3,23,Phyllis,1,,,,
3,23,Meredith,1,,,,
3,23,Creed,2,,,,
3,23,Group,5,,,,
3,24,Michael,114,,,,
3,24,David,45,,,,
3,24,Kevin,17,,,,
3,24,Jim,65,,,,
3,24,Meredith,6,,,,
3,24,Andy,22,,,,
3,24,Pam,42,,,,
3,24,Dwight,58,,,,
3,24,Karen,38,,,,
3,24,Oscar,10,,,,
3,24,Stanley,7,,,,
3,24,Kelly,3,,,,
3,24,Creed,2,,,,
3,24,Ryan,4,,,,
3,24,Angela,6,,,,
3,24,Jan,41,,,,
3,24,Phyllis,4,,,,
3,24,Hunter,6,,,,
3,24,Receptionist,1,,,,
4,1,Michael,130,,,,
4,1,IT Tech Guy,3,,,,
4,1,Pam,81,,,,
4,1,Jim,50,,,,
4,1,Kevin,17,,,,
4,1,Oscar,9,,,,
4,1,Dwight,54,,,,
4,1,Stanley,9,,,,
4,1,Andy,7,,,,
4,1,Angela,44,,,,
4,1,Ryan,7,,,,
4,1,Phyllis,4,,,,
4,1,Kelly,6,,,,
4,1,Nurse,2,,,,
4,1,Meredith,18,,,,
4,1,Creed,9,,,,
4,1,Toby,9,,,,
4,1,Darryl,5,,,,
4,1,Intern,5,,,,
4,1,Jan,7,,,,
4,1,Elizabeth,3,,,,
4,1,Waitress,1,,,,
4,3,Pam,50,,,,
4,3,Jim,41,,,,
4,3,Michael,139,,,,
4,3,Toby,18,,,,
4,3,Angela,22,,,,
4,3,Dwight,67,,,,
4,3,Phyllis,13,,,,
4,3,Andy,14,,,,
4,3,Kevin,13,,,,
4,3,Kelly,19,,,,
4,3,Ryan,78,,,,
4,3,Creed,10,,,,
4,3,Stanley,5,,,,
4,3,Jan,16,,,,
4,3,Oscar,3,,,,
4,3,Robert Dunder,11,,,,
4,3,Amy,3,,,,
4,3,GPS,4,,,,
4,3,Larry Myers,6,,,,
4,3,Ex-client,17,,,,
4,5,Michael,146,,,,
4,5,Jim,67,,,,
4,5,Pam,24,,,,
4,5,Andy,45,,,,
4,5,Oscar,8,,,,
4,5,Kevin,14,,,,
4,5,Everyone,1,,,,
4,5,Meredith,12,,,,
4,5,Dwight,81,,,,
4,5,Kelly,8,,,,
4,5,Stanley,7,,,,
4,5,Angela,49,,,,
4,5,Phyllis,8,,,,
4,5,Ryan,6,,,,
4,5,Voice of Thomas Dean,1,,,,
4,5,sAndy,1,,,,
4,5,DunMiff/sys,6,,,,
4,5,DwightKSchrute,3,,,,
4,5,Tech Guy,1,,,,
4,5,Jan,6,,,,
4,5,Pam and Jim,1,,,,
4,5,Darryl,9,,,,
4,5,Angels,1,,,,
4,5,All,2,,,,
4,5,Pizza guy,20,,,,
4,5,Manager,1,,,,
4,5,Voice #1 on phone,2,,,,
4,5,Voice #2 on phone,1,,,,
4,5,Bartender,1,,,,
4,5,Man,4,,,,
4,7,Michael,136,,,,
4,7,Pam,50,,,,
4,7,Micahel,1,,,,
4,7,Jan,31,,,,
4,7,Michae,1,,,,
4,7,Ryan,21,,,,
4,7,Jim,41,,,,
4,7,Dwight,38,,,,
4,7,Angela,4,,,,
4,7,Kevin,9,,,,
4,7,Nick,13,,,,
4,7,Mose,1,,,,
4,7,Co-Worker 1,1,,,,
4,7,Stanely,2,,,,
4,7,Stanley,7,,,,
4,7,Micael,1,,,,
4,7,Vikram,11,,,,
4,7,Co-Worker 2,3,,,,
4,7,Co-Worker 3,3,,,,
4,7,Kelly,12,,,,
4,7,Darryl,10,,,,
4,7,Creed,7,,,,
4,7,Andy,11,,,,
4,7,Oscar,25,,,,
4,7,Phyllis,2,,,,
4,7,Toby,2,,,,
4,7,Mr. Figaro,4,,,,
4,7,Meredith,1,,,,
4,7,Oscar and Stanley,1,,,,
4,9,Michael,61,,,,
4,9,Phyllis,7,,,,
4,9,Andy,21,,,,
4,9,Jim,27,,,,
4,9,Pam,18,,,,
4,9,Ad guy 1,10,,,,
4,9,Ad guy 2,5,,,,
4,9,Stanley,1,,,,
4,9,Kevin,3,,,,
4,9,Dwight,10,,,,
4,9,Receptionist,1,,,,
4,9,Ryan,8,,,,
4,9,David Wallace,3,,,,
4,9,Oscar,1,,,,
4,9,Meredith,3,,,,
4,9,Creed,2,,,,
4,9,Angela,2,,,,
4,9,Darryl,10,,,,
4,9,Andy, Creed, Kevin, Kelly, Darryl,1
4,9,Andy, Creed, Kevin, Kelly,5,
4,9,Both,1,,,,
4,9,Everyone,1,,,,
4,9,Bartender,4,,,,
4,9,Michael's Ad,1,,,,
4,10,Rolando,2,,,,
4,10,Karen,24,,,,
4,10,Michael,82,,,,
4,10,Dwight,38,,,,
4,10,Stanley,10,,,,
4,10,Jim,69,,,,
4,10,Pam,15,,,,
4,10,Oscar,10,,,,
4,10,Ben,4,,,,
4,10,Dwight and Michael,1,,,,
4,10,Michael and Dwight,2,,,,
4,10,Toby,7,,,,
4,10,Andy,8,,,,
4,10,Kevin,2,,,,
4,10,Phyllis,2,,,,
4,11,Toby,16,,,,
4,11,Meredith,5,,,,
4,11,Michael,65,,,,
4,11,Pam,11,,,,
4,11,Phyllis,4,,,,
4,11,Jim,68,,,,
4,11,Dwight,25,,,,
4,11,Angela,7,,,,
4,11,Kelly,1,,,,
4,11,Oscar,7,,,,
4,11,Creed,12,,,,
4,11,Andy,7,,,,
4,11,Kevin,2,,,,
4,11,Stanley,2,,,,
4,11,Everybody,1,,,,
4,12,Oscar,1,,,,
4,12,Michael,78,,,,
4,12,Kevin,4,,,,
4,12,Pam,21,,,,
4,12,Ryan,10,,,,
4,12,Jan,26,,,,
4,12,Lester,26,,,,
4,12,Darryl,3,,,,
4,12,Jim,14,,,,
4,12,Kelly,15,,,,
4,12,Diane Kelly,12,,,,
4,12,Diane,10,,,,
4,12,Toby,4,,,,
4,12,Deposition Reporter,3,,,,
4,12,Man,3,,,,
4,12,Meredith,1,,,,
4,12,Dwight,5,,,,
4,12,Council,1,,,,
4,12,David,3,,,,
4,12,David Wallace,1,,,,
4,13,Stanley,1,,,,
4,13,Phyllis,1,,,,
4,13,Michael,89,,,,
4,13,Jim,38,,,,
4,13,Dwight,16,,,,
4,13,Andy,10,,,,
4,13,Jan,73,,,,
4,13,Pam,28,,,,
4,13,Angela,12,,,,
4,13,All,1,,,,
4,13,Hunter's CD,1,,,,
4,13,Michae,1,,,,
4,13,Woman,5,,,,
4,13,Officer 1,3,,,,
4,13,Officer 2,2,,,,
4,13,Officer,1,,,,
4,14,Pam,35,,,,
4,14,Jim,21,,,,
4,14,Oscar,2,,,,
4,14,Andy,14,,,,
4,14,Kevin,20,,,,
4,14,Michael,72,,,,
4,14,Creed,3,,,,
4,14,Phyllis,9,,,,
4,14,Angela,1,,,,
4,14,Dwight,17,,,,
4,14,Stanley,1,,,,
4,14,Wendy's phone operator,5,,,,
4,14,Margaret,8,,,,
4,14,Coffee shop worker,1,,,,
4,14,Jan,1,,,,
4,14,Bob Vance,1,,,,
4,14,W.B. Jones,4,,,,
4,14,Paul Faust,1,,,,
4,14,Bill Cress,1,,,,
4,14,Paul,2,,,,
4,14,Michael/Dwight,1,,,,
4,15,Pam,13,,,,
4,15,Michael,85,,,,
4,15,Dwight,42,,,,
4,15,Jim,37,,,,
4,15,Oscar,6,,,,
4,15,Angela,4,,,,
4,15,Ryan,60,,,,
4,15,Stanley,4,,,,
4,15,Phyllis,3,,,,
4,15,Creed,2,,,,
4,15,Kelly,3,,,,
4,15,Andy,4,,,,
4,15,Kevin,3,,,,
4,15,Troy,4,,,,
4,15,Waitress,1,,,,
4,15,Toby,8,,,,
4,15,Girl in Club,5,,,,
4,15,Tall Girl #1,5,,,,
4,15,All Girls,1,,,,
4,15,Tall Girl #2,1,,,,
4,15,Meredith,1,,,,
4,15,Bartender,2,,,,
4,15,Girl in 2nd club,5,,,,
4,15,Hank,5,,,,
4,15,Cleaning lady,1,,,,
4,16,Michael,87,,,,
4,16,Pam,16,,,,
4,16,Kevin,8,,,,
4,16,Jim,23,,,,
4,16,Phyllis,7,,,,
4,16,Andy,23,,,,
4,16,Kelly,1,,,,
4,16,Oscar,2,,,,
4,16,Dwight,32,,,,
4,16,Angela,3,,,,
4,16,Stanley,23,,,,
4,16,Toby,10,,,,
4,16,Creed,1,,,,
4,16,Darryl,13,,,,
4,16,Ryan,6,,,,
4,17,Michael,45,,,,
4,17,Oscar,5,,,,
4,17,Darryl,6,,,,
4,17,Kelly,1,,,,
4,17,Dwight,9,,,,
4,17,Pam,33,,,,
4,17,Michael and Darryl,1,,,,
4,17,Jim,19,,,,
4,17,Phil Maguire,4,,,,
4,17,Andy,12,,,,
4,17,Phil,9,,,,
4,17,Kevin,7,,,,
4,17,Meredith,1,,,,
4,17,Phyllis,2,,,,
4,17,Creed,4,,,,
4,17,Justin,9,,,,
4,17,Kid,2,,,,
4,17,Angela,4,,,,
4,17,Angela and Dwight,1,,,,
4,17,Maguire,1,,,,
4,17,Woman on mic,1,,,,
4,17,Graphics guy,10,,,,
4,18,Dwight,37,,,,
4,18,Jim,59,,,,
4,18,Pam,42,,,,
4,18,Michael,159,,,,
4,18,Toby,37,,,,
4,18,Kelly,4,,,,
4,18,Angela,14,,,,
4,18,Phyllis,16,,,,
4,18,Holly,68,,,,
4,18,Stanley,1,,,,
4,18,Woman over speakerphone,3,,,,
4,18,Creed,7,,,,
4,18,Kevin,23,,,,
4,18,Ryan,5,,,,
4,18,Oscar,1,,,,
4,18,Meredith,4,,,,
4,18,Vance Refrigeration guy,1,,,,
4,18,Darryl,2,,,,
4,18,Jan,24,,,,
4,18,Andy,7,,,,
4,18,Holy,1,,,,
4,18,Hank,1,,,,
5,1,Michael,114,,,,
5,1,Dwight,47,,,,
5,1,Meredith,4,,,,
5,1,Stanley,8,,,,
5,1,Creed,5,,,,
5,1,Darryl,10,,,,
5,1,Andy,29,,,,
5,1,Holly,55,,,,
5,1,Jim,62,,,,
5,1,Kevin,14,,,,
5,1,Pam,37,,,,
5,1,Oscar,18,,,,
5,1,Angela,26,,,,
5,1,Ronnie,3,,,,
5,1,Professor,5,,,,
5,1,Kelly,12,,,,
5,1,Jan,5,,,,
5,1,Phyllis,16,,,,
5,1,Ryan,17,,,,
5,1,Friend,5,,,,
5,1,JIM9334,2,,,,
5,1,Receptionitis15,2,,,,
5,1,Micheal,2,,,,
5,1,Toby,1,,,,
5,3,Pam,9,,,,
5,3,Jim,27,,,,
5,3,Oscar,5,,,,
5,3,Angela,2,,,,
5,3,Kevin,5,,,,
5,3,Andy,11,,,,
5,3,Dwight,14,,,,
5,3,Michael,58,,,,
5,3,Creed,1,,,,
5,3,Holly,51,,,,
5,3,Michael & Holly,1,,,,
5,3,Ryan,3,,,,
5,3,Phyllis,3,,,,
5,3,Kelly,3,,,,
5,3,Stanley,3,,,,
5,3,Meredith,13,,,,
5,3,Dight,1,,,,
5,3,Micheal,3,,,,
5,3,Kendall,6,,,,
5,4,Dwight,35,,,,
5,4,Michael,79,,,,
5,4,Jim,27,,,,
5,4,Andy,13,,,,
5,4,Phyllis,7,,,,
5,4,Angela,13,,,,
5,4,Meredith,1,,,,
5,4,Kevin,4,,,,
5,4,Oscar,3,,,,
5,4,Pam,25,,,,
5,4,Holly,10,,,,
5,4,Stanley,2,,,,
5,4,Jan,38,,,,
5,4,Kelly,2,,,,
5,4,Creed,2,,,,
5,4,Darryl,9,,,,
5,5,Receptionist,1,,,,
5,5,Pam,9,,,,
5,5,Michael,77,,,,
5,5,Holly,36,,,,
5,5,Andy,7,,,,
5,5,Dwight,31,,,,
5,5,Phyllis,23,,,,
5,5,Angela,8,,,,
5,5,Oscar,5,,,,
5,5,Kevin,5,,,,
5,5,Jim,21,,,,
5,5,Man on phone,1,,,,
5,5,Creed,2,,,,
5,5,Darryl,8,,,,
5,5,Roy,14,,,,
5,5,Hank ,1,,,,
5,5,David Wallace,5,,,,
5,5,Bob,10,,,,
5,5,Guy in audience,2,,,,
5,5,All,1,,,,
5,5,Stanley,1,,,,
5,6,Kelly,5,,,,
5,6,Phyllis,4,,,,
5,6,Ryan,4,,,,
5,6,Oscar,1,,,,
5,6,Creed,2,,,,
5,6,Kevin,1,,,,
5,6,Andy,40,,,,
5,6,Jim,25,,,,
5,6,Pam,25,,,,
5,6,Dwight,36,,,,
5,6,Michael,59,,,,
5,6,Holly,32,,,,
5,6,Darryl,29,,,,
5,6,Michael and Holly,1,,,,
5,6,Michael, Holly, and Darryl,1,,
5,6,Tom,13,,,,
5,6,Pete,15,,,,
5,6,Meredith,1,,,,
5,6,Stanley,1,,,,
5,7,Michael,63,,,,
5,7,Dwight,84,,,,
5,7,Darryl,1,,,,
5,7,Andy,26,,,,
5,7,Jim,103,,,,
5,7,Kelly,23,,,,
5,7,Kevin,2,,,,
5,7,Group,1,,,,
5,7,Mother,4,,,,
5,7,Pam,30,,,,
5,7,Alex,10,,,,
5,7,Jim and Pam,1,,,,
5,7,Angela,6,,,,
5,7,Dwight ,1,,,,
5,7,Customer,5,,,,
5,7,Ryan,6,,,,
5,8,Michael,77,,,,
5,8,Jim,22,,,,
5,8,Meredith,5,,,,
5,8,Kevin,2,,,,
5,8,Creed,1,,,,
5,8,Phyllis,2,,,,
5,8,Stanley,3,,,,
5,8,David Wallace,14,,,,
5,8,Dwight,15,,,,
5,8,Andy,69,,,,
5,8,Angela,10,,,,
5,8,Oscar,38,,,,
5,8,Stewardess,1,,,,
5,8,Beth,4,,,,
5,8,Ryan,13,,,,
5,8,Kelly,15,,,,
5,8,Concierge,3,,,,
5,8,Pam,14,,,,
5,8,Marie,5,,,,
5,8,Guy at table,3,,,,
5,8,Guy,1,,,,
5,8,Concierge Marie,2,,,,
5,8,Client,2,,,,
5,8,Dacvid Walalce,1,,,,
5,8,David Wallcve,1,,,,
5,8,Dacvid Wallace,1,,,,
5,9,Angela,2,,,,
5,9,Kevin,2,,,,
5,9,Dwight,38,,,,
5,9,Jim,31,,,,
5,9,Michael,90,,,,
5,9,Ryan,18,,,,
5,9,Kelly,10,,,,
5,9,Toby,29,,,,
5,9,David,11,,,,
5,9,Pam,26,,,,
5,9,Andy,6,,,,
5,9,Phyllis,3,,,,
5,9,Creed,2,,,,
5,9,Oscar,3,,,,
5,9,Meredith,2,,,,
5,9,Vance Refrigeration guy,2,,,,
5,9,Leo,3,,,,
5,9,Vance Refrigeration Guy,4,,,,
5,9,Police Officer 1,10,,,,
5,9,Police Officer 2,6,,,,
5,10,Oscar,31,,,,
5,10,Michael,100,,,,
5,10,Pam,58,,,,
5,10,Stanley,4,,,,
5,10,Toby,2,,,,
5,10,Jim,31,,,,
5,10,Meredith,1,,,,
5,10,Creed,1,,,,
5,10,Andy,17,,,,
5,10,Dwight,29,,,,
5,10,Angela,23,,,,
5,10,Kevin,3,,,,
5,10,Kelly,1,,,,
5,10,Phyllis,2,,,,
5,10,Hank,13,,,,
5,10,David,6,,,,
5,11,Dwight,27,,,,
5,11,Jim,26,,,,
5,11,Stanley,4,,,,
5,11,Phyllis,19,,,,
5,11,Michael,65,,,,
5,11,Angela,12,,,,
5,11,Meredith,36,,,,
5,11,Pam,6,,,,
5,11,Andy,8,,,,
5,11,Guy buying doll,1,,,,
5,11,Guy,3,,,,
5,11,Oscar,5,,,,
5,11,Kevin,3,,,,
5,11,Toby,15,,,,
5,11,Kelly,1,,,,
5,11,Creed,1,,,,
5,11,Sasha,1,,,,
5,11,Darryl,6,,,,
5,11,Rehab Nurse,1,,,,
5,12,Pam,9,,,,
5,12,Michael,52,,,,
5,12,Dwight,63,,,,
5,12,Phyllis,3,,,,
5,12,Jim,33,,,,
5,12,Stanley,2,,,,
5,12,Oscar,10,,,,
5,12,Kevin,8,,,,
5,12,Andy,65,,,,
5,12,Everyone,1,,,,
5,12,Angela,21,,,,
5,12,Meredith,6,,,,
5,12,David,8,,,,
5,12,Creed,2,,,,
5,12,Kelly,2,,,,
5,12,Everyone watching,1,,,,
5,13,Dwight,72,,,,
5,13,Jim,13,,,,
5,13,Phyllis,4,,,,
5,13,Stanley,5,,,,
5,13,Michael,90,,,,
5,13,David,9,,,,
5,13,Andy,5,,,,
5,13,Creed,1,,,,
5,13,Kevin,14,,,,
5,13,Meredith,2,,,,
5,13,Pam,5,,,,
5,13,Angela,3,,,,
5,13,Entire Prince family,1,,,,
5,13,Prince Grandfather,19,,,,
5,13,Entire office,1,,,,
5,13,Oscar,3,,,,
5,13,Kelly,2,,,,
5,13,Jim ,1,,,,
5,13,Prince,1,,,,
5,13,Linda,2,,,,
5,13,Prince Granddaughter,4,,,,
5,13,Prince Grandmother,2,,,,
5,13,Dwight and Michael,1,,,,
5,13,Prince Son,1,,,,
5,14,Dwight,72,,,,
5,14,Angela,16,,,,
5,14,Pam,31,,,,
5,14,Phyllis,11,,,,
5,14,Andy,23,,,,
5,14,Kevin,8,,,,
5,14,Michael,118,,,,
5,14,Everyone,3,,,,
5,14,Jim,35,,,,
5,14,Stanley,28,,,,
5,14,Oscar,10,,,,
5,14,Phyllis and Creed,1,,,,
5,14,David Wallace,9,,,,
5,14,Lawyer,2,,,,
5,14,David,1,,,,
5,14,Michel,1,,,,
5,14,CPR trainer,1,,,,
5,14,CPR Trainer,3,,,,
5,14,Rose,8,,,,
5,14,Creed,4,,,,
5,14,Kelly,3,,,,
5,14,Jessica Alba,2,,,,
5,14,Lily,6,,,,
5,14,Sam,6,,,,
5,14,Meredith,3,,,,
5,14,Group,1,,,,
5,14,Darryl,5,,,,
5,14,Warehouse Michael,1,,,,
5,16,Jim,31,,,,
5,16,Michael,54,,,,
5,16,Pam,35,,,,
5,16,Kelly,8,,,,
5,16,Dwight,24,,,,
5,16,Phyllis,3,,,,
5,16,Julia,13,,,,
5,16,Stanley,7,,,,
5,16,Andy,27,,,,
5,16,Rolando,2,,,,
5,16,Karen,20,,,,
5,16,Mark,2,,,,
5,16,Oscar,1,,,,
5,16,Creed,5,,,,
5,17,Michael,47,,,,
5,17,Karen,2,,,,
5,17,Pam,37,,,,
5,17,Oscar,11,,,,
5,17,Kevin,15,,,,
5,17,Angela,16,,,,
5,17,Meredith,9,,,,
5,17,Creed,2,,,,
5,17,Dwight,33,,,,
5,17,Kelly,16,,,,
5,17,Jim,33,,,,
5,17,Phyllis,1,,,,
5,17,Receptionist,5,,,,
5,17,Stanley,2,,,,
5,17,A.J.,7,,,,
5,17,Woman,1,,,,
5,17,Man,1,,,,
5,17,All,1,,,,
5,18,Phone Salesman,7,,,,
5,18,Pam,32,,,,
5,18,Jim,35,,,,
5,18,Michael,86,,,,
5,18,Dwight,31,,,,
5,18,Jim, Pam, Michael and Dwight,2,,
5,18,Kevin,15,,,,
5,18,Kelly,9,,,,
5,18,Blood Drive Worker,8,,,,
5,18,Blood Girl,17,,,,
5,18,Phyllis,11,,,,
5,18,Hank,1,,,,
5,18,Meredith,3,,,,
5,18,Bob,9,,,,
5,18,Oscar,14,,,,
5,18,Angela,4,,,,
5,18,Lynn,6,,,,
5,18,Blonde,6,,,,
5,18,Eric,1,,,,
5,18,Girl,1,,,,
5,18,Stanley,2,,,,
5,19,Pam,24,,,,
5,19,Michael,113,,,,
5,19,Dwight,71,,,,
5,19,Jim,39,,,,
5,19,Andy,12,,,,
5,19,Kevin,10,,,,
5,19,Oscar,7,,,,
5,19,Darryl,3,,,,
5,19,Creed,2,,,,
5,19,Stanley,1,,,,
5,19,David,25,,,,
5,19,Man on phone,1,,,,
5,19,Lynn,3,,,,
5,20,Dwight,21,,,,
5,20,Michael,104,,,,
5,20,Jim,30,,,,
5,20,Pam,14,,,,
5,20,Charles,66,,,,
5,20,Kelly,7,,,,
5,20,Angela,8,,,,
5,20,Kevin,5,,,,
5,20,Andy,4,,,,
5,20,Stanley,2,,,,
5,20,Oscar,1,,,,
5,20,David,18,,,,
5,20,Stephanie,6,,,,
5,20,Employees,1,,,,
5,20,Phyllis,3,,,,
5,21,Michael,87,,,,
5,21,Kelly,6,,,,
5,21,Oscar,11,,,,
5,21,Pam,38,,,,
5,21,Stanley,7,,,,
5,21,Angela,6,,,,
5,21,Kevin,13,,,,
5,21,Meredith,2,,,,
5,21,Jim,26,,,,
5,21,Andy,14,,,,
5,21,Dwight,12,,,,
5,21,Charles,25,,,,
5,21,Isaac,7,,,,
5,21,Creed,1,,,,
5,21,Phone,1,,,,
5,21,Angela and Kelly,1,,,,
5,21,Phyllis,3,,,,
5,21,Hank,3,,,,
5,21,Toby,1,,,,
5,22,Jim,35,,,,
5,22,Kevin,10,,,,
5,22,Andy,15,,,,
5,22,Dwight,17,,,,
5,22,Angela,3,,,,
5,22,Stanley,4,,,,
5,22,Pam,65,,,,
5,22,Michael,78,,,,
5,22,Charles,40,,,,
5,22,Kelly,1,,,,
5,22,Phyllis,2,,,,
5,22,Creed,1,,,,
5,22,Micheal,1,,,,
5,22,Vikram,10,,,,
5,22,Ryan,11,,,,
5,22,Supervisor,1,,,,
5,22,Michal,1,,,,
5,22,Nana,10,,,,
5,22,Chares,1,,,,
5,22,Old Woman,1,,,,
5,22,Oscar,1,,,,
5,23,Michael,46,,,,
5,23,Jim,28,,,,
5,23,Pam,45,,,,
5,23,Kelly,5,,,,
5,23,Charles,25,,,,
5,23,Erin,16,,,,
5,23,Kevin,2,,,,
5,23,Andy,18,,,,
5,23,Dwight,28,,,,
5,23,Ryan,25,,,,
5,23,Toby,3,,,,
5,23,Oscar,5,,,,
5,23,Stanley,3,,,,
5,23,Phyllis,1,,,,
5,23,Man,1,,,,
5,23,Creed,2,,,,
5,23,Meredith,1,,,,
5,23,Dwight and Erin,1,,,,
5,23,Dwight and Andy,1,,,,
5,24,Michael,90,,,,
5,24,Pam,15,,,,
5,24,Jim,22,,,,
5,24,Andy,25,,,,
5,24,Phyllis,5,,,,
5,24,Dwight,83,,,,
5,24,Charles,14,,,,
5,24,Ryan,6,,,,
5,24,Michael, Pam & Ryan,1,,,
5,24,Secretary,4,,,,
5,24,Automated phone voice,1,,,,
5,24,Stanley,1,,,,
5,24,Mr. Schofield,7,,,,
5,24,Kelly,1,,,,
5,24,Kevin,1,,,,
5,25,Michael,76,,,,
5,25,Ryan,24,,,,
5,25,Pam,33,,,,
5,25,Charles,39,,,,
5,25,Jim,28,,,,
5,25,Dwight,25,,,,
5,25,Stanley,1,,,,
5,25,Andy,3,,,,
5,25,Angela,2,,,,
5,25,David Wallace,1,,,,
5,25,David,36,,,,
5,25,Kelly,1,,,,
5,25,Kevin,1,,,,
5,25,Phyllis,1,,,,
5,25,Financial Guy,11,,,,
5,25,Ty,2,,,,
5,25,Jim ,1,,,,
5,25,Erin,1,,,,
5,26,Kevin,1,,,,
5,26,Michael,95,,,,
5,26,Ryan,25,,,,
5,26,Pam,30,,,,
5,26,Dwight,49,,,,
5,26,Angela,5,,,,
5,26,Jim,29,,,,
5,26,Oscar,5,,,,
5,26,Erin,10,,,,
5,26,Stanley,12,,,,
5,26,Phyllis,13,,,,
5,26,Andy,12,,,,
5,26,Meredith,8,,,,
5,26,Toby,13,,,,
5,26,Creed,9,,,,
5,26,Kelly,2,,,,
5,26,Darryl,1,,,,
5,27,Erin,23,,,,
5,27,Dwight,28,,,,
5,27,Pam,19,,,,
5,27,Jim,17,,,,
5,27,Michael,84,,,,
5,27,Ryan,2,,,,
5,27,Angela,17,,,,
5,27,Phyllis,24,,,,
5,27,Oscar,5,,,,
5,27,Andy,16,,,,
5,27,Meredith,1,,,,
5,27,Kevin,7,,,,
5,27,Jessica,3,,,,
5,27,Stanley,1,,,,
5,27,Kelly,11,,,,
5,27,Vance Refrigeration Guy 1,1,,,,
5,27,Vance Refrigeration Guy 2,1,,,,
5,27,VRG 1,4,,,,
5,27,VRG 2,3,,,,
5,27,Creed,3,,,,
5,27,Phylis,1,,,,
5,27,Bob Vance,2,,,,
5,28,Erin,3,,,,
5,28,Jim,24,,,,
5,28,Pam,25,,,,
5,28,Dwight,40,,,,
5,28,Michael,53,,,,
5,28,Rolph,9,,,,
5,28,Kevin,5,,,,
5,28,Holly,38,,,,
5,28,AJ,8,,,,
5,28,Charles,12,,,,
5,28,Andy,12,,,,
5,28,Man,1,,,,
5,28,Phyllis,4,,,,
5,28,Woman,1,,,,
5,28,Stanley,2,,,,
5,28,Angela,3,,,,
5,28,Meredith,2,,,,
5,28,David,13,,,,
5,28,Toby,2,,,,
5,28,Kendall,2,,,,
5,28,Oscar,2,,,,
5,28,Both,1,,,,
5,28,Man from Buffalo,3,,,,
5,28,Woman from Buffalo,2,,,,
5,28,Nurse,3,,,,
6,1,Michael,88,,,,
6,1,Andy,36,,,,
6,1,Dwight,19,,,,
6,1,Jim,39,,,,
6,1,Dwight & Andy,1,,,,
6,1,Andy & Michael,1,,,,
6,1,Michael & Dwight,1,,,,
6,1,Female Intern,2,,,,
6,1,Female intern,1,,,,
6,1,Pam,27,,,,
6,1,Meredith,4,,,,
6,1,Oscar,9,,,,
6,1,Kelly,9,,,,
6,1,Phyllis,7,,,,
6,1,Maurie,10,,,,
6,1,Eric,7,,,,
6,1,Kevin,13,,,,
6,1,Stanley,11,,,,
6,1,Erin,7,,,,
6,1,Angela,5,,,,
6,1,Creed,6,,,,
6,1,Toby,1,,,,
6,1,Everyone,1,,,,
6,1,Ryan,1,,,,
6,1,Megan,3,,,,
6,2,Michael,71,,,,
6,2,Oscar,7,,,,
6,2,David Wallace,1,,,,
6,2,David,34,,,,
6,2,Jim,19,,,,
6,2,Pam,24,,,,
6,2,Darryl,15,,,,
6,2,Toby,26,,,,
6,2,Dwight,32,,,,
6,2,Creed,4,,,,
6,2,Kelly,3,,,,
6,2,Andy,7,,,,
6,2,Phyllis,2,,,,
6,2,Stanley,2,,,,
6,2,Kevin,1,,,,
6,2,Erin,3,,,,
6,2,Ryan,5,,,,
6,2,Gwenneth,2,,,,
6,2,Michael ,1,,,,
6,2,Meredith,6,,,,
6,2,Angela,3,,,,
6,3,Dwight,29,,,,
6,3,Michael,85,,,,
6,3,Jim,90,,,,
6,3,Erin,3,,,,
6,3,Stanley,3,,,,
6,3,Oscar,12,,,,
6,3,Phyllis,13,,,,
6,3,Pam,18,,,,
6,3,Ryan,5,,,,
6,3,Kelly,4,,,,
6,3,David Wallace,6,,,,
6,3,Creed,3,,,,
6,3,Meredith,9,,,,
6,3,Kevin,14,,,,
6,3,Angela,5,,,,
6,3,Andy,3,,,,
6,4,Pam,70,,,,
6,4,Jim,56,,,,
6,4,Dwight,84,,,,
6,4,Phyllis,3,,,,
6,4,Meredith,6,,,,
6,4,Andy,33,,,,
6,4,Michael,129,,,,
6,4,Erin,10,,,,
6,4,Kevin,30,,,,
6,4,Angela,12,,,,
6,4,Micheal,1,,,,
6,4,Kelly,3,,,,
6,4,Front Desk Clerk,10,,,,
6,4,Stanley,7,,,,
6,4,Toby,3,,,,
6,4,Mr. Halpert,5,,,,
6,4,Mema,13,,,,
6,4,Mr. Beesly,2,,,,
6,4,Little Girl,1,,,,
6,4,Kids,1,,,,
6,4,Oscar,9,,,,
6,4,Penny,11,,,,
6,4,Ryan,3,,,,
6,4,Isabel,11,,,,
6,4,Pete,6,,,,
6,4,Tom,6,,,,
6,4,Everyone,1,,,,
6,4,Michael and Dwight,1,,,,
6,4,Hotel Employee,4,,,,
6,4,Hotel Manager,4,,,,
6,4,Pam's mom,11,,,,
6,4,Tom Halpert,1,,,,
6,4,Michel,1,,,,
6,4,Pete Halpert,1,,,,
6,4,Tom and Pete,1,,,,
6,4,Pam's dad,1,,,,
6,6,Michael,121,,,,
6,6,Toby,3,,,,
6,6,Andy,57,,,,
6,6,Creed,1,,,,
6,6,Meredith,3,,,,
6,6,Ryan,4,,,,
6,6,Erin,7,,,,
6,6,Grotti,30,,,,
6,6,Kevin,17,,,,
6,6,Dwight,50,,,,
6,6,Oscar,18,,,,
6,6,Andy and Dwight,1,,,,
6,6,Phyllis,1,,,,
6,6,Jim,14,,,,
6,6,Pam,5,,,,
6,6,Waitress,7,,,,
6,6,Credit card rep,1,,,,
6,6,Rep,6,,,,
6,6,Woman,4,,,,
6,6,Kid,1,,,,
6,6,Dwight and Andy,1,,,,
6,7,Erin,12,,,,
6,7,Kevin,6,,,,
6,7,Kelly,10,,,,
6,7,Jim,58,,,,
6,7,Pam,58,,,,
6,7,Michael,83,,,,
6,7,Dwight,30,,,,
6,7,Meredith,4,,,,
6,7,Toby,15,,,,
6,7,Andy,9,,,,
6,7,Various,1,,,,
6,7,Angela,5,,,,
6,7,Oscar,6,,,,
6,7,Phyllis,2,,,,
6,7,Creed,1,,,,
6,7,Ryan,8,,,,
6,7,Stanley,1,,,,
6,8,Michael,85,,,,
6,8,Kids,2,,,,
6,8,Jim,49,,,,
6,8,Darryl,7,,,,
6,8,Angela,10,,,,
6,8,Kelly,2,,,,
6,8,Creed,3,,,,
6,8,Ryan,1,,,,
6,8,Meredith,8,,,,
6,8,Dwight,14,,,,
6,8,Erin,17,,,,
6,8,Pam,39,,,,
6,8,Andy,37,,,,
6,8,Phyllis,9,,,,
6,8,Secretary,2,,,,
6,8,Stanley,3,,,,
6,8,Oscar,11,,,,
6,8,Kevin,10,,,,
6,8,Customer,4,,,,
6,8,Keena Gifford,6,,,,
6,9,Dwight,50,,,,
6,9,Stanley,1,,,,
6,9,Andy,28,,,,
6,9,Phyllis,2,,,,
6,9,Michael,114,,,,
6,9,Pam,70,,,,
6,9,Erin,3,,,,
6,9,Ryan,8,,,,
6,9,Helene,37,,,,
6,9,Angela,2,,,,
6,9,Kevin,6,,,,
6,9,Kelly,5,,,,
6,9,Jim,26,,,,
6,9,Creed,2,,,,
6,9,Hostess,1,,,,
6,9,Oscar,3,,,,
6,9,Michel,1,,,,
6,9,Toby,7,,,,
6,9,Meredith,1,,,,
6,10,Dwight,30,,,,
6,10,Jim,47,,,,
6,10,Kevin,11,,,,
6,10,Michael,67,,,,
6,10,Andy,24,,,,
6,10,Erin,15,,,,
6,10,Pam,12,,,,
6,10,Oscar,8,,,,
6,10,Phyllis,5,,,,
6,10,Stanley,6,,,,
6,10,David Wallace's Secretary,2,,,,
6,10,Kelly,1,,,,
6,10,Meredith,4,,,,
6,10,Voice on CD player,2,,,,
6,10,Angela,6,,,,
6,10,Ryan,1,,,,
6,10,Creed,2,,,,
6,10,David,4,,,,
6,11,Oscar,18,,,,
6,11,Dwight,26,,,,
6,11,Jim,37,,,,
6,11,Pam,12,,,,
6,11,Stanley,4,,,,
6,11,Andy,14,,,,
6,11,Michael,70,,,,
6,11,Meredith,1,,,,
6,11,Phyllis,7,,,,
6,11,Kevin,4,,,,
6,11,Erin,3,,,,
6,11,Limo Driver,2,,,,
6,11,Jim & Pam,1,,,,
6,11,Ryan,18,,,,
6,11,Laurie,5,,,,
6,11,David,14,,,,
6,11,Alan,12,,,,
6,11,Registrar,1,,,,
6,11,Security,2,,,,
6,11,Woman in line,3,,,,
6,11,Man in line,1,,,,
6,11,Shareholder,1,,,,
6,11,Female Shareholder,1,,,,
6,11,Second Shareholder,1,,,,
6,11,Creed,1,,,,
6,11,Third Shareholder,1,,,,
6,11,Fourth Shareholder,1,,,,
6,11,O'Keefe,5,,,,
6,12,Andy,22,,,,
6,12,Michael,68,,,,
6,12,Jim,38,,,,
6,12,Erin,21,,,,
6,12,Dwight,36,,,,
6,12,Pam,14,,,,
6,12,Phyllis,4,,,,
6,12,Stanley,2,,,,
6,12,Mikela,9,,,,
6,12,Students,3,,,,
6,12,Teacher,4,,,,
6,12,Lefevre,11,,,,
6,12,Kevin,6,,,,
6,12,Oscar,2,,,,
6,12,Everyone,1,,,,
6,12,Angela,3,,,,
6,12,Zion,1,,,,
6,12,Creed,1,,,,
6,12,Deliveryman,1,,,,
6,12,Kelly,1,,,,
6,12,Stephanie,2,,,,
6,12,David Wallace,1,,,,
6,12,David,8,,,,
6,12,Michael and Erin,1,,,,
6,12,Ryan,4,,,,
6,13,Dwight,37,,,,
6,13,Jim,39,,,,
6,13,Everyone,1,,,,
6,13,Oscar,13,,,,
6,13,Ryan,8,,,,
6,13,Meredith,3,,,,
6,13,Phyllis,27,,,,
6,13,Pam,16,,,,
6,13,Andy,16,,,,
6,13,Stanley,5,,,,
6,13,Erin,11,,,,
6,13,Kelly,3,,,,
6,13,Kevin,13,,,,
6,13,Creed,2,,,,
6,13,Michael,95,,,,
6,13,Group,2,,,,
6,13,Daryl,3,,,,
6,13,Office,1,,,,
6,13,Toby,6,,,,
6,13,Kelly and Erin,1,,,,
6,13,Matt,4,,,,
6,13,Angela,6,,,,
6,13,David,19,,,,
6,13,Stephanie,1,,,,
6,13,Bob Vance,1,,,,
6,13,Bob,1,,,,
6,14,Michael,44,,,,
6,14,Eric,26,,,,
6,14,Computron,10,,,,
6,14,Andy,1,,,,
6,14,Pam,5,,,,
6,14,Fake Stanley,1,,,,
6,14,Ryan,1,,,,
6,14,Dwight,17,,,,
6,14,Toby,18,,,,
6,14,Kevin,2,,,,
6,14,Angela,2,,,,
6,14,Both,4,,,,
6,15,Michael,82,,,,
6,15,Erin,6,,,,
6,15,Oscar,5,,,,
6,15,Dwight,9,,,,
6,15,Pam,25,,,,
6,15,Creed,1,,,,
6,15,Gabe,18,,,,
6,15,Jim,26,,,,
6,15,Andy,10,,,,
6,15,Andy & Erin,2,,,,
6,15,Christian Slater,1,,,,
6,15,Jo Bennett,1,,,,
6,15,Meredith,2,,,,
6,15,Angela,2,,,,
6,15,Stanley,1,,,,
6,15,Toby,2,,,,
6,15,Jo,8,,,,
6,15,Jerry,14,,,,
6,15,David,34,,,,
6,15,Teddy Wallace,1,,,,
6,15,Mrs. Wallace,3,,,,
6,15,Everyone,1,,,,
6,15,Phyllis,1,,,,
6,15,Kevin,1,,,,
6,15,All,1,,,,
6,15,Teddy,6,,,,
6,15,Both,1,,,,
6,16,Hotel Employee,9,,,,
6,16,Michael,68,,,,
6,16,Dwight,38,,,,
6,16,Michael and Dwight,1,,,,
6,16,Gabe,5,,,,
6,16,Jo,33,,,,
6,16,Andy,24,,,,
6,16,Kevin,5,,,,
6,16,Angela,1,,,,
6,16,Meredith,4,,,,
6,16,Jim,33,,,,
6,16,Erin,23,,,,
6,16,Kelly,11,,,,
6,16,Pam,5,,,,
6,16,Oscar,6,,,,
6,16,Ryan,19,,,,
6,16,Nick,5,,,,
6,16,Phyllis,4,,,,
6,17,Pam,126,,,,
6,17,Dwight,47,,,,
6,17,Jim,133,,,,
6,17,Kevin,29,,,,
6,17,Meredith,6,,,,
6,17,Michael,117,,,,
6,17,Erin,35,,,,
6,17,Nick,2,,,,
6,17,Angela,19,,,,
6,17,Kelly,3,,,,
6,17,Andy,25,,,,
6,17,Stanley,3,,,,
6,17,Phyllis,6,,,,
6,17,Ryan,2,,,,
6,17,Oscar,3,,,,
6,17,Dwight, Jim and Michael,1,,,
6,17,Creed,1,,,,
6,17,Toby,1,,,,
6,17,Policeman,2,,,,
6,17,Hospital employee,8,,,,
6,17,Nurse,19,,,,
6,17,Doctor,3,,,,
6,17,Everyone,1,,,,
6,17,(Pam's mom) Heleen,1,,,,
6,17,Helene,5,,,,
6,17,Kathy,3,,,,
6,17,Dale,1,,,,
6,17,Clark,13,,,,
6,17, Jim,1,,,,
6,17,Isabelle,9,,,,
6,19,Michael,52,,,,
6,19,Kelly,3,,,,
6,19,Ryan,3,,,,
6,19,Meredith,4,,,,
6,19,Erin,20,,,,
6,19,Jim,40,,,,
6,19,Phyllis,1,,,,
6,19,Stanley,1,,,,
6,19,Andy,24,,,,
6,19,Dwight,29,,,,
6,19,Jo,53,,,,
6,19,Pam,1,,,,
6,19,Angela,3,,,,
6,19,Kevin,3,,,,
6,19,Oscar,4,,,,
6,19,Daryl,13,,,,
6,19,Gabe,3,,,,
6,19,D,1,,,,
6,19,Andy and Dwight,4,,,,
6,19,Todd Packer,6,,,,
6,19,Warehouse guy 1,3,,,,
6,19,Warehouse guy 2,1,,,,
6,19,Reid,5,,,,
6,19,Night cleaning crew,1,,,,
6,20,Michael,85,,,,
6,20,Jim,51,,,,
6,20,Stanley,11,,,,
6,20,Dwight,43,,,,
6,20,Phyllis,18,,,,
6,20,Andy,15,,,,
6,20,Angela,6,,,,
6,20,Darryl,9,,,,
6,20,Erin,7,,,,
6,20,Gabe,7,,,,
6,20,Miichael,1,,,,
6,20,Kelly,8,,,,
6,20,Ryan,3,,,,
6,20,Pam,3,,,,
6,20,Kevin,8,,,,
6,20,Meredith,3,,,,
6,20,Toby,2,,,,
6,20,Oscar,1,,,,
6,21,Dwight: ,34,,,,
6,21,Michael: ,74,,,,
6,21,Jim: ,33,,,,
6,21,Meredith: ,1,,,,
6,21,Angela: ,17,,,,
6,21,Creed: ,1,,,,
6,21,Phyllis: ,6,,,,
6,21,Everyone: ,1,,,,
6,21,Oscar: ,20,,,,
6,21,Stanley: ,1,,,,
6,21,Matt: ,5,,,,
6,21,Warehouse Guy: ,1,,,,
6,21,Darryl: ,10,,,,
6,21,Andy: ,35,,,,
6,21,Pam: ,31,,,,
6,21,Erin: ,16,,,,
6,21,Kevin: ,7,,,,
6,21,Julie: ,12,,,,
6,21,Isabel: ,18,,,,
6,21,Hide: ,2,,,,
6,21,Ryan: ,5,,,,
6,21,Kelly: ,4,,,,
6,21,Bar Manager: ,22,,,,
6,21,Bouncer: ,1,,,,
6,21,Girl at table: ,2,,,,
6,22,Cookie Monster,3,,,,
6,22,Andy,25,,,,
6,22,Oscar,6,,,,
6,22,Kevin,20,,,,
6,22,Phyllis,3,,,,
6,22,Dwight,16,,,,
6,22,Ryan,5,,,,
6,22,Kelly,5,,,,
6,22,Angela,5,,,,
6,22,Meredith,9,,,,
6,22,Erin,49,,,,
6,22,Pam,28,,,,
6,22,Jim,8,,,,
6,22,Dwight.,1,,,,
6,22,Michael,46,,,,
6,22,Darryl,3,,,,
6,22,Gabe,23,,,,
6,22,Hayworth's waiter,4,,,,
6,22,Toby,3,,,,
6,22,Oscar's voice from the computer,1,,,,
6,23,Michael,85,,,,
6,23,Erin,9,,,,
6,23,Jim,37,,,,
6,23,Dwight,45,,,,
6,23,Oscar,9,,,,
6,23,Angela,3,,,,
6,23,Pam,27,,,,
6,23,Donna,38,,,,
6,23,Gabe,15,,,,
6,23,Darryl,4,,,,
6,23,Kelly,28,,,,
6,23,Kevin,8,,,,
6,23,Phyllis,4,,,,
6,23,Creed,1,,,,
6,23,Ryan,4,,,,
6,23,Andy,3,,,,
6,23,Mihael,1,,,,
6,23,Stanley,2,,,,
6,23,Hide,2,,,,
6,23,All,1,,,,
6,24,Dwight,38,,,,
6,24,Jim,14,,,,
6,24,Pam,42,,,,
6,24,Michael,92,,,,
6,24,Stanley,3,,,,
6,24,Andy,30,,,,
6,24,Darryl,26,,,,
6,24,Meredith,1,,,,
6,24,Kelly,7,,,,
6,24,Ryan,4,,,,
6,24,Oscar,1,,,,
6,24,Gabe,4,,,,
6,24,Donna,36,,,,
6,24,Old lady,1,,,,
6,24,Erin,3,,,,
6,24,Creed,2,,,,
6,24,Glen,1,,,,
6,24,Gym Instructor,1,,,,
6,24,Gym instructor,2,,,,
6,25,Toby,5,,,,
6,25,Michael,82,,,,
6,25,Everyone,5,,,,
6,25,Jim,21,,,,
6,25,Dwight,36,,,,
6,25,Creed,4,,,,
6,25,Oscar,3,,,,
6,25,Ryan,11,,,,
6,25,Stanley,2,,,,
6,25,Angela,17,,,,
6,25,Pam,30,,,,
6,25,Erin,11,,,,
6,25,Kevin,6,,,,
6,25,Lawyer,11,,,,
6,25,Dwight and Angela,1,,,,
6,25,Andy,41,,,,
6,25,Phyllis,8,,,,
6,25,Meredith,3,,,,
6,25,Kelly,5,,,,
6,25,Gabe,6,,,,
6,25,Shane,11,,,,
6,25,Darryl,4,,,,
6,25,Reporter,3,,,,
6,26,Michael,67,,,,
6,26,Todd Packer,1,,,,
6,26,Oscar,2,,,,
6,26,Jim,13,,,,
6,26,Angela,4,,,,
6,26,Phyllis,5,,,,
6,26,Dwight,19,,,,
6,26,Jo,43,,,,
6,26,Kevin,7,,,,
6,26,Andy,17,,,,
6,26,Nick,11,,,,
6,26,Darryl,6,,,,
6,26,Toby,7,,,,
6,26,Pam,17,,,,
6,26,Kelly,5,,,,
6,26,Ryan,2,,,,
6,26,Erin,4,,,,
6,26,Realtor,4,,,,
6,26,Gabe,5,,,,
6,26,Creed,2,,,,
6,26,Stanley,2,,,,
6,26,David Wallace,1,,,,
6,26,Hank,1,,,,
7,1,Stanley,5,,,,
7,1,Ryan,3,,,,
7,1,Kelly,5,,,,
7,1,Creed,4,,,,
7,1,Angela,3,,,,
7,1,Andy,16,,,,
7,1,All,2,,,,
7,1,Dwight,21,,,,
7,1,Phyllis,7,,,,
7,1,Toby,3,,,,
7,1,Michael,57,,,,
7,1,Erin,7,,,,
7,1,Gabe,11,,,,
7,1,Pam,25,,,,
7,1,Kevin,5,,,,
7,1,Jim,22,,,,
7,1,Luke,18,,,,
7,1,Oscar,8,,,,
7,1,Darryl,5,,,,
7,1,Meredith,3,,,,
7,1,Jo,7,,,,
7,1,Both,2,,,,
7,2,Dwight,48,,,,
7,2,Pam,39,,,,
7,2,Jim,34,,,,
7,2,Mose,2,,,,
7,2,Toby,35,,,,
7,2,Michael,31,,,,
7,2,Phyllis,3,,,,
7,2,Ryan,3,,,,
7,2,Andy,12,,,,
7,2,Stanley,3,,,,
7,2,Kelly,6,,,,
7,2,Creed,1,,,,
7,2,Erin,4,,,,
7,2,Window treatment guy,3,,,,
7,2,Oscar,7,,,,
7,2,Darryl,4,,,,
7,2,Angel,1,,,,
7,2,Angela,3,,,,
7,2,Gabe,17,,,,
7,2,Salesman,10,,,,
7,3,Erin,19,,,,
7,3,Jim,19,,,,
7,3,Andy,48,,,,
7,3,Angela,16,,,,
7,3,Michael,43,,,,
7,3,Pam,17,,,,
7,3,Dwight,17,,,,
7,3,Stanley,2,,,,
7,3,Phyllis,4,,,,
7,3,Usher,2,,,,
7,3,All,2,,,,
7,3,Darryl,11,,,,
7,3,Kelly,2,,,,
7,3,Shelby,8,,,,
7,3,Meredith,1,,,,
7,3,Creed,2,,,,
7,3,Sweeney Todd,14,,,,
7,3,Oscar,1,,,,
7,4,Dwight,40,,,,
7,4,Son,4,,,,
7,4,Nate,5,,,,
7,4,Angela,2,,,,
7,4,Phyllis,5,,,,
7,4,Ryan,1,,,,
7,4,Kelly,5,,,,
7,4,Andy,40,,,,
7,4,Pam,8,,,,
7,4,Employees except Dwight,1,,,,
7,4,Michel,1,,,,
7,4,Erin,4,,,,
7,4,Michael,87,,,,
7,4,Meredith,7,,,,
7,4,Kevin,10,,,,
7,4,Jim,4,,,,
7,4,Oscar,7,,,,
7,4,Donna,7,,,,
7,4,Stanley,4,,,,
7,4,Holly,16,,,,
7,4,Jan,16,,,,
7,4,Astrid,3,,,,
7,4,Creed,2,,,,
7,4,Darryl,8,,,,
7,4,Jim and Pam,1,,,,
7,4,Old Woman,3,,,,
7,4,Helene,4,,,,
7,4,Carroll,14,,,,
7,4,Gabe,3,,,,
7,4,Carrol,1,,,,
7,5,Michael,85,,,,
7,5,Oscar,16,,,,
7,5,Pam,10,,,,
7,5,Dwight,56,,,,
7,5,Kevin,12,,,,
7,5,Meredith,15,,,,
7,5,Kelly,3,,,,
7,5,Jim,59,,,,
7,5,All,4,,,,
7,5,Andy,38,,,,
7,5,Phyllis,8,,,,
7,5,Danny,40,,,,
7,5,Angela,2,,,,
7,5,Darryl,23,,,,
7,5,Receptionist,1,,,,
7,5,Steve,5,,,,
7,5,Stanley,5,,,,
7,5,Erin,2,,,,
7,5,Darryl and Andy,1,,,,
7,5,Ryan,3,,,,
7,5,Creed,2,,,,
7,6,Andy,16,,,,
7,6,Jim,27,,,,
7,6,Stanley,7,,,,
7,6,Kevin,19,,,,
7,6,Michael,59,,,,
7,6,All,1,,,,
7,6,Pam,24,,,,
7,6,Dwight,14,,,,
7,6,Oscar,8,,,,
7,6,Erin,7,,,,
7,6,Gabe,14,,,,
7,6,Todd Packer,5,,,,
7,6,Danny,28,,,,
7,6,Darryl,26,,,,
7,6,Toby,4,,,,
7,6,Ryan,6,,,,
7,6,Kelly,5,,,,
7,6,Creed,3,,,,
7,6,Phyllis,5,,,,
7,6,Angela,5,,,,
7,6,Meredith,1,,,,
7,7,Pam,33,,,,
7,7,Kelly,2,,,,
7,7,Michael,74,,,,
7,7,Jim,38,,,,
7,7,Erin,9,,,,
7,7,Dwight,16,,,,
7,7,Angela,8,,,,
7,7,Andy,25,,,,
7,7,Ryan,6,,,,
7,7,Toby,3,,,,
7,7,Church congregation,1,,,,
7,7,Pastor,6,,,,
7,7,All,1,,,,
7,7, Pastor,1,,,,
7,7,Female church member,2,,,,
7,7,Male church member,3,,,,
7,7,Lady,1,,,,
7,7,Doug,6,,,,
7,7,Stanley,3,,,,
7,7,Kevin,4,,,,
7,7,Girl,9,,,,
7,7,Phyllis,5,,,,
7,7,Woman,3,,,,
7,7,Oscar,2,,,,
7,7,Darryl,2,,,,
7,7,Mee-Maw,1,,,,
7,7,Students,1,,,,
7,7,Guy,8,,,,
7,7,Gabe,2,,,,
7,7,MeeMaw,1,,,,
7,7,Carla,2,,,,
7,7,Jim's Dad,1,,,,
7,7,Helene,1,,,,
7,7,Bus driver,3,,,,
7,7,Michael and Andy,1,,,,
7,7,Another guy,1,,,,
7,7,Radio,1,,,,
7,8,Erin,40,,,,
7,8,Reporter,2,,,,
7,8,Michael,54,,,,
7,8,Kevin,9,,,,
7,8,Dwight,26,,,,
7,8,Angela,9,,,,
7,8,Gabe,18,,,,
7,8,Jim,17,,,,
7,8,Kelly,13,,,,
7,8,Andy,26,,,,
7,8,Stanley,1,,,,
7,8,Pam,23,,,,
7,8,Phyllis,12,,,,
7,8,Oscar,7,,,,
7,8,Ryan,3,,,,
7,8,Daryl,6,,,,
7,8,TV,1,,,,
7,8,Creed,4,,,,
7,9,Dwight,24,,,,
7,9,Michael,66,,,,
7,9,Jim,21,,,,
7,9,Pam,28,,,,
7,9,Erin,7,,,,
7,9,Andy,10,,,,
7,9,Kevin,9,,,,
7,9,Meridith,2,,,,
7,9,Angela,19,,,,
7,9,Ryan,54,,,,
7,9,Robotic Voice,2,,,,
7,9,Ryan and Michael,1,,,,
7,9,Guy,1,,,,
7,9,Gabe,7,,,,
7,9,Stanley,7,,,,
7,9,Phyllis,1,,,,
7,9,Phyliss,1,,,,
7,9,Oscar,5,,,,
7,9,Kids,1,,,,
7,9,Kid,1,,,,
7,9,Little Girl,2,,,,
7,9,Daryl,10,,,,
7,9,Kelly,5,,,,
7,9,Micheal,1,,,,
7,9,Man,10,,,,
7,9,Creed,3,,,,
7,9,Jo,4,,,,
7,10,Jim,27,,,,
7,10,Dwight,44,,,,
7,10,Pam,45,,,,
7,10,Hank,3,,,,
7,10,Andy,23,,,,
7,10,Michael,56,,,,
7,10,Erin,9,,,,
7,10,Darryl,13,,,,
7,10,Stanley,6,,,,
7,10,Nate,13,,,,
7,10,Angela,3,,,,
7,10,Phyllis,3,,,,
7,10,Kevin,8,,,,
7,10,Oscar,25,,,,
7,10,Ryan,7,,,,
7,10,Meredith,2,,,,
7,10,Gabe,1,,,,
7,10,Kelly,8,,,,
7,10,Creed,2,,,,
7,10,Dwight & Nate,1,,,,
7,10,Passer-by,5,,,,
7,10,Pam ,1,,,,
7,11,Nate,5,,,,
7,11,Pam,69,,,,
7,11,Michael,130,,,,
7,11,Jim,48,,,,
7,11,Kevin,14,,,,
7,11,Andy,28,,,,
7,11,Dwight,36,,,,
7,11,Phyllis,13,,,,
7,11,Erin,18,,,,
7,11,Oscar,12,,,,
7,11,All,1,,,,
7,11,Meredith,10,,,,
7,11,Angela,26,,,,
7,11,Stanley,5,,,,
7,11,Kelly,14,,,,
7,11,Gabe,6,,,,
7,11,Darryl,23,,,,
7,11,Toby,25,,,,
7,11,Ryan,11,,,,
7,11,Creed,4,,,,
7,11,Bass Player,2,,,,
7,11,Justine,2,,,,
7,11,Holly,50,,,,
7,11,Jada,20,,,,
7,11,Robert,5,,,,
7,11,AJ,15,,,,
7,11,Darrly,1,,,,
7,13,Man,3,,,,
7,13,Dwight,34,,,,
7,13,Jim,8,,,,
7,13,Member,2,,,,
7,13,Michael,75,,,,
7,13,Erin,21,,,,
7,13,Angela,7,,,,
7,13,Pam,31,,,,
7,13,Phyllis,9,,,,
7,13,Kelly,10,,,,
7,13,Holly,19,,,,
7,13,Kevin,19,,,,
7,13,Video Michael,7,,,,
7,13,Andy,21,,,,
7,13,Oscar,3,,,,
7,13,Darryl,21,,,,
7,13,Bookstore employee,2,,,,
7,13,Customer,2,,,,
7,13,Gabe,2,,,,
7,13,Creed,13,,,,
7,13,Ryan,6,,,,
7,13,DJ,3,,,,
7,13,Meredith,1,,,,
7,14,David Brent,1,,,,
7,14,Michael,36,,,,
7,14,David,12,,,,
7,14,Erin,25,,,,
7,14,Andy,51,,,,
7,14,Jim,23,,,,
7,14,Pam,18,,,,
7,14,Dwight,19,,,,
7,14,Older guy,1,,,,
7,14,Phyllis, Stanley, Dwight,1,,
7,14,Phyllis,3,,,,
7,14,Younger Guy,3,,,,
7,14,Stanley,2,,,,
7,14,Holly,12,,,,
7,14,Oscar,14,,,,
7,14,Kevin,9,,,,
7,14,Kelly,12,,,,
7,14,Ryan,8,,,,
7,14,Creed,2,,,,
7,14,Older Woman,2,,,,
7,14,Professor Powell,4,,,,
7,14,Hank,2,,,,
7,14,Gabe,7,,,,
7,14,Guy,2,,,,
7,14,Darryl,3,,,,
7,14,Tom,10,,,,
7,15,Kelly,9,,,,
7,15,Erin,14,,,,
7,15,Phyllis,10,,,,
7,15,Meredith,3,,,,
7,15,Andy,13,,,,
7,15,Ryan,6,,,,
7,15,Pam,36,,,,
7,15,Ryan and Kelly,1,,,,
7,15,Kevin,7,,,,
7,15,Oscar,12,,,,
7,15,Jim,32,,,,
7,15,Michael,42,,,,
7,15,Holly,30,,,,
7,15,Helen,5,,,,
7,15,Guy,1,,,,
7,15,Attendant,6,,,,
7,15,Dwight,26,,,,
7,15,Gabe,25,,,,
7,15,Darryl,8,,,,
7,15,Darrly,1,,,,
7,15,Office,1,,,,
7,15,Hot Dog Guy,5,,,,
7,15,Cell Phone Sales Person,2,,,,
7,15,Dwight and Erin,1,,,,
7,15,Waiter,8,,,,
7,15,Micahel,1,,,,
7,15,Stanley,3,,,,
7,15,Angela,1,,,,
7,16,Pam,24,,,,
7,16,Darryl,15,,,,
7,16,Andy,37,,,,
7,16,Phyllis,3,,,,
7,16,Holly,38,,,,
7,16,Michael,71,,,,
7,16,Gabe,21,,,,
7,16,Erin,38,,,,
7,16,Oscar,15,,,,
7,16,Jim,23,,,,
7,16,Dwight,24,,,,
7,16,Angela,9,,,,
7,16,Kevin,13,,,,
7,16,Ryan,6,,,,
7,16,Meredith,1,,,,
7,16,Creed,1,,,,
7,16,Stanley,1,,,,
7,16,Boom Box,1,,,,
7,16,Jim and Pam,1,,,,
7,16,Andy and Erin,1,,,,
7,16,Hank,2,,,,
7,16,Kelly,1,,,,
7,17,Michael,61,,,,
7,17,Delivery,1,,,,
7,17,Erin,1,,,,
7,17,Jim,6,,,,
7,17,Pam,6,,,,
7,17,Creed,1,,,,
7,17,Holly,15,,,,
7,17,Samuel,10,,,,
7,17,Dwight,4,,,,
7,17,Daryl,1,,,,
7,17,President,4,,,,
7,17,Goldenface,14,,,,
7,17,Cherokee Jack,3,,,,
7,17,Oscar,2,,,,
7,17,Jan,2,,,,
7,17,Kevin,3,,,,
7,17,Helene,3,,,,
7,17,Michael and Samuel together,1,,,,
7,17,Billy,5,,,,
7,17,Karen,2,,,,
7,17,Todd Packer,1,,,,
7,17,Kelly,1,,,,
7,17,Ryan,1,,,,
7,17,Andy,2,,,,
7,18,Dwight,41,,,,
7,18,Kevin,13,,,,
7,18,Meredith,3,,,,
7,18,Jim,37,,,,
7,18,Todd,37,,,,
7,18,Michael,57,,,,
7,18,Holly,32,,,,
7,18,Erin,10,,,,
7,18,Gabe,1,,,,
7,18,Pam,36,,,,
7,18,Ryan,4,,,,
7,18,Kelly,3,,,,
7,18,Andy,29,,,,
7,18,Stanley,1,,,,
7,18,Phyllis,1,,,,
7,18,Holy,1,,,,
7,18,Oscar,1,,,,
7,18,Angela,1,,,,
7,18,Daryl,4,,,,
7,19,Pam,32,,,,
7,19,Oscar,7,,,,
7,19,Dwight,31,,,,
7,19,Jim,24,,,,
7,19,Andy,17,,,,
7,19,Meredith,3,,,,
7,19,Kevin,18,,,,
7,19,Michael,72,,,,
7,19,Holly,47,,,,
7,19,Lady,1,,,,
7,19,Kelly,3,,,,
7,19,Darryl,10,,,,
7,19,Holly's Mom,4,,,,
7,19,Holly's Dad,5,,,,
7,19,Micahel,1,,,,
7,19,Ryan,9,,,,
7,19,Phyllis,3,,,,
7,19,Stanley,1,,,,
7,19,Gabe,1,,,,
7,19,Angela,1,,,,
7,20,Michael,67,,,,
7,20,Waiter,1,,,,
7,20,Deangelo,77,,,,
7,20,Deangelo/Michael,2,,,,
7,20,Oscar,5,,,,
7,20,Kevin,4,,,,
7,20,Dwight,10,,,,
7,20,Kelly,5,,,,
7,20,Darryl,8,,,,
7,20,Angela,4,,,,
7,20,Andy,11,,,,
7,20,Pam,8,,,,
7,20,Jim,10,,,,
7,20,Meredith,1,,,,
7,20,Stanley,3,,,,
7,20,Erin,10,,,,
7,20,Denagelo,1,,,,
7,20,Ryan,1,,,,
7,20,Phyllis,2,,,,
7,20,Darryl's sister,1,,,,
7,20,Gabe,4,,,,
7,20,Micahel,1,,,,
7,21,Michael,82,,,,
7,21,DeAngelo,54,,,,
7,21,Jim,22,,,,
7,21,Pam,15,,,,
7,21,Stanley,3,,,,
7,21,Meredith,6,,,,
7,21,Erin,12,,,,
7,21,Dwight,12,,,,
7,21,Kevin,6,,,,
7,21,Phyllis,2,,,,
7,21,Ryan,6,,,,
7,21,Andy,4,,,,
7,21,Darryl,2,,,,
7,21,Jo,4,,,,
7,21,Angela,1,,,,
7,21,Angela,1,,,,
7,21,Oscar,5,,,,
7,21,Jim,1,,,,
7,21,Phyllis,1,,,,
7,21,Together,1,,,,
7,21,Michael ,1,,,,
7,21,Manager,3,,,,
7,21,Gabe,2,,,,
7,21,Audience,1,,,,
7,21,All,4,,,,
7,21,Toby,2,,,,
7,21,Erin and Kelly,1,,,,
7,21,Women,1,,,,
7,21,Creed,1,,,,
7,21,Kelly and Erin,1,,,,
7,22,Michael,115,,,,
7,22,Dwight,14,,,,
7,22,DeAngelo,25,,,,
7,22,Gabe,10,,,,
7,22,Andy,24,,,,
7,22,Jim,18,,,,
7,22,Phyllis,18,,,,
7,22,Angela,12,,,,
7,22,Pam,19,,,,
7,22,Meredith,6,,,,
7,22,Stanley,7,,,,
7,22,Kevin,11,,,,
7,22,Oscar,6,,,,
7,22,Holly,6,,,,
7,22,Toby,5,,,,
7,22,Kelly,3,,,,
7,22,Ryan,3,,,,
7,22,Erin,12,,,,
7,22,abe,1,,,,
7,22,Creed,2,,,,
7,22,Rory,2,,,,
7,22,Darryl,3,,,,
7,22,Warehouse Guy,1,,,,
7,22,DeAgnelo,1,,,,
7,22,Client,1,,,,
7,23,Deangelo,90,,,,
7,23,Darryl,8,,,,
7,23,Toby,1,,,,
7,23,Oscar,2,,,,
7,23,Kevin,13,,,,
7,23,Pam,24,,,,
7,23,Jim,40,,,,
7,23,Andy,9,,,,
7,23,Dwight,20,,,,
7,23,Gabe,8,,,,
7,23,Ryan,15,,,,
7,23,Kelly,15,,,,
7,23,Phyllis,4,,,,
7,23,Angela,4,,,,
7,23,Erin,3,,,,
7,23,Jordan,9,,,,
7,24,Pam,11,,,,
7,24,Dwight,73,,,,
7,24,Phyllis,5,,,,
7,24,Jim,27,,,,
7,24,Mose,1,,,,
7,24,All,2,,,,
7,24,All but Oscar,1,,,,
7,24,Angela,11,,,,
7,24,Erin,13,,,,
7,24,Kelly,6,,,,
7,24,Andy,26,,,,
7,24,Gabe,20,,,,
7,24,Kevin,20,,,,
7,24,Stanley,2,,,,
7,24,Creed,2,,,,
7,24,Jordan,2,,,,
7,24,Oscar,4,,,,
7,24,Meredith,1,,,,
7,24,Toby,6,,,,
7,24,Darryl,5,,,,
7,24,Ryan,2,,,,
7,24, Jo,1,,,,
7,24,Jo,13,,,,
7,24,Darryl and Angela,1,,,,
7,25,Creed,17,,,,
7,25,Jim,90,,,,
7,25,Pam,32,,,,
7,25,Kevin,14,,,,
7,25,Fred Henry,1,,,,
7,25,Fred,9,,,,
7,25,Toby,13,,,,
7,25,Gabe,30,,,,
7,25,Stanley,4,,,,
7,25,Darryl,27,,,,
7,25,Phyllis,20,,,,
7,25,Erin,23,,,,
7,25,Andy,25,,,,
7,25,Dwight,44,,,,
7,25,Warren Buffett,1,,,,
7,25,Warren,2,,,,
7,25,Angela,11,,,,
7,25,Robert California,1,,,,
7,25,Robert,12,,,,
7,25,Merv Bronte,1,,,,
7,25,Merv,10,,,,
7,25,Kelly,17,,,,
7,25,Meredith,6,,,,
7,25,Oscar,22,,,,
7,25,Ryan,11,,,,
7,25,David Brent,1,,,,
7,25,Nellie Bertram,1,,,,
7,25,Nellie,9,,,,
7,25,Jo,28,,,,
7,25,Jordan,2,,,,
7,25,All,1,,,,
7,25,Jada,2,,,,
7,25,Finger Lakes Guy,1,,,,
7,25,"Pam as ""fourth-biggest client""",3,,,,
7,25,"Pam as ""ninth-biggest client""",2,,,,
8,1,Oscar,4,,,,
8,1,Erin,9,,,,
8,1,Andy,50,,,,
8,1,Dwight,28,,,,
8,1,Jim,33,,,,
8,1,Kelly,5,,,,
8,1,Pam,23,,,,
8,1,Angela,6,,,,
8,1,Darryl,4,,,,
8,1,Stanley,8,,,,
8,1,Robert,29,,,,
8,1,Phyllis,10,,,,
8,1,Kevin,8,,,,
8,1,Meredith,5,,,,
8,1,Everyone,2,,,,
8,1,Toby,1,,,,
8,1,Ryan,1,,,,
8,2,Jim,39,,,,
8,2,Kevin,24,,,,
8,2,Pam,33,,,,
8,2,Oscar,7,,,,
8,2,Angela,14,,,,
8,2,Andy,72,,,,
8,2,Dwight,21,,,,
8,2,Phyllis,7,,,,
8,2,Ryan,4,,,,
8,2,Stanley,5,,,,
8,2,Erin,12,,,,
8,2,Darryl,7,,,,
8,2,Robert,24,,,,
8,2,Meredith,5,,,,
8,2,Justine,3,,,,
8,2,Kelly,3,,,,
8,2,Group,2,,,,
8,2,Tattoo Artist,8,,,,
8,3,Dwight,31,,,,
8,3,Oscar,18,,,,
8,3,Erin,8,,,,
8,3,Jim,43,,,,
8,3,Andy,63,,,,
8,3,Darryl,49,,,,
8,3,Kelly,6,,,,
8,3,Kevin,14,,,,
8,3,Meredith,4,,,,
8,3,Pam,23,,,,
8,3,Phyllis,6,,,,
8,3,Ryan,5,,,,
8,3,Angela,3,,,,
8,3,Female Applicant,2,,,,
8,3,Male Applicant 1,3,,,,
8,3,Male Applicant 2,1,,,,
8,3,Gideon,2,,,,
8,3,Nate,3,,,,
8,3,Bruce,1,,,,
8,3,Dwight, Erin, Jim & Kevin,1,,
8,3,Creed,1,,,,
8,3,Toby,1,,,,
8,4,Jim,22,,,,
8,4,Andy,61,,,,
8,4,Pam,10,,,,
8,4,Erin,5,,,,
8,4,Meredith,5,,,,
8,4,Dwight,26,,,,
8,4,Ryan,7,,,,
8,4,Oscar,9,,,,
8,4,Kelly,3,,,,
8,4,Phyllis,3,,,,
8,4,Darryl,9,,,,
8,4,Stanley,1,,,,
8,4,Kevin,4,,,,
8,4,Gabe,4,,,,
8,4,Angela,7,,,,
8,4,Robert,18,,,,
8,4,Toby,6,,,,
8,4,Mose,5,,,,
8,4,Walter,21,,,,
8,4,Ellen,3,,,,
8,4,Walter Jr,6,,,,
8,4,Waiter,1,,,,
8,4,Andy & Walter,3,,,,
8,4,Walter & Walter Jr,1,,,,
8,4,Erin's Cell Phone,1,,,,
8,5,Andy,34,,,,
8,5,Stanley,3,,,,
8,5,Kevin,9,,,,
8,5,Phyllis,7,,,,
8,5,Kelly,12,,,,
8,5,Meredith,5,,,,
8,5,Erin,36,,,,
8,5,Darryl,9,,,,
8,5,Jim,25,,,,
8,5,Ryan,3,,,,
8,5,Dwight,18,,,,
8,5,Toby,7,,,,
8,5,Pam,24,,,,
8,5,Oscar,7,,,,
8,5,Robert,28,,,,
8,5,Bert,19,,,,
8,5,Gabe,9,,,,
8,5,Gabe/Kelly/Toby,1,,,,
8,5,Angela,4,,,,
8,5,Creed,3,,,,
8,6,Andy,48,,,,
8,6,Jim,36,,,,
8,6,Andy/Pam,1,,,,
8,6,Pam,17,,,,
8,6,Stanley,7,,,,
8,6,Andy/Stanley,1,,,,
8,6,Robert,31,,,,
8,6,Dwight,48,,,,
8,6,Darryl,15,,,,
8,6,Val,11,,,,
8,6,Gabe,22,,,,
8,6,Toby,8,,,,
8,6,Kevin,10,,,,
8,6,Kelly,5,,,,
8,6,Ryan,3,,,,
8,6,Oscar,11,,,,
8,6,Erin,7,,,,
8,6,Warehouse Crew,3,,,,
8,6,Phyllis,2,,,,
8,6,Angela,7,,,,
8,7,Andy,43,,,,
8,7,Erin,13,,,,
8,7,Client,3,,,,
8,7,Dwight,55,,,,
8,7,Darryl,23,,,,
8,7,Pam,65,,,,
8,7,Cathy,10,,,,
8,7,Ryan,6,,,,
8,7,Jim,40,,,,
8,7,Gabe,2,,,,
8,7,Toby,4,,,,
8,7,Oscar,4,,,,
8,7,Offscreen,1,,,,
8,7,Phyllis,2,,,,
8,7,Val,4,,,,
8,7,Kevin,15,,,,
8,7,Robert,10,,,,
8,7,Kelly,6,,,,
8,7,Curtis,3,,,,
8,7,Drummer,1,,,,
8,7,Pam and Kelly,1,,,,
8,7,Creed,2,,,,
8,7,Old Man,4,,,,
8,7,Andy and Darryl,3,,,,
8,7,Darryl and Kevin,1,,,,
8,8,Gabe,10,,,,
8,8,Kelly,4,,,,
8,8,Andy,45,,,,
8,8,Pam,18,,,,
8,8,Jim,16,,,,
8,8,Phyllis,6,,,,
8,8,Ryan,11,,,,
8,8,Oscar,18,,,,
8,8,Meredith,1,,,,
8,8,Erin,13,,,,
8,8,Everyone,4,,,,
8,8,Angela,1,,,,
8,8,Dwight,26,,,,
8,8,Kevin,15,,,,
8,8,Darryl,11,,,,
8,8,Robert,22,,,,
8,8,Stanley,4,,,,
8,8,Park Ranger,3,,,,
8,8,Chelsea,1,,,,
8,8,Chelsea's Mom,1,,,,
8,8,Man,1,,,,
8,8,Audience,1,,,,
8,8,Archivist,2,,,,
8,8,Narrator,2,,,,
8,8,Soldier,1,,,,
8,8,Amanda,1,,,,
8,9,Dwight,48,,,,
8,9,Creed,2,,,,
8,9,Oscar,11,,,,
8,9,Jim,26,,,,
8,9,Darryl,24,,,,
8,9,Andy,57,,,,
8,9,Robert,38,,,,
8,9,Ryan,3,,,,
8,9,Susan,48,,,,
8,9,Erin,7,,,,
8,9,Phyllis,3,,,,
8,9,Angela,2,,,,
8,9,Kelly,1,,,,
8,9,Toby,3,,,,
8,9,Andy/Oscar,1,,,,
8,9,Kevin,2,,,,
8,9,Gabe,2,,,,
8,10,Andy,75,,,,
8,10,Stanley,5,,,,
8,10,Jim,40,,,,
8,10,Meredith,14,,,,
8,10,Dwight,23,,,,
8,10,Creed,2,,,,
8,10,Erin,37,,,,
8,10,Kelly,10,,,,
8,10,Robert,19,,,,
8,10,Kevin,9,,,,
8,10,Oscar,9,,,,
8,10,Jessica,22,,,,
8,10,Darryl,10,,,,
8,10,Val,9,,,,
8,10,Nate,5,,,,
8,10,Ryan,6,,,,
8,10,Phyllis,7,,,,
8,10,Toby,6,,,,
8,10,Angela,2,,,,
8,11,Kevin,15,,,,
8,11,All,2,,,,
8,11,Dwight,34,,,,
8,11,Oscar,17,,,,
8,11,Jim,17,,,,
8,11,Andy,36,,,,
8,11,Erin,5,,,,
8,11,Darryl,10,,,,
8,11,Angela,1,,,,
8,11,Receptionist,4,,,,
8,11,Gabe,21,,,,
8,11,Robert,16,,,,
8,11,Meredith,6,,,,
8,11,Phyllis,3,,,,
8,11,Stanley,4,,,,
8,11,Host,28,,,,
8,11,Creed,1,,,,
8,11,Cathy,1,,,,
8,11,Ryan,6,,,,
8,11,Kelly,2,,,,
8,11,Queerenstein Bears,1,,,,
8,11,Oscar's friend,3,,,,
8,11,Stu,1,,,,
8,11,Stonewall Host,3,,,,
8,12,Dwight,37,,,,
8,12,Jim,21,,,,
8,12,Stanley,7,,,,
8,12,Erin,48,,,,
8,12,Andy,38,,,,
8,12,Oscar,11,,,,
8,12,Robert,23,,,,
8,12,Kevin,11,,,,
8,12,Meredith,9,,,,
8,12,Angela,4,,,,
8,12,Cathy,3,,,,
8,12,Gabe,7,,,,
8,12,Ryan,8,,,,
8,12,Jessica,12,,,,
8,12,Darryl,9,,,,
8,12,Val,7,,,,
8,12,Toby,7,,,,
8,12,Kelly,6,,,,
8,12,All,2,,,,
8,12,Both,1,,,,
8,12,Phyllis,2,,,,
8,13,Andy,41,,,,
8,13,Val,3,,,,
8,13,Erin,12,,,,
8,13,Jim,59,,,,
8,13,Phyllis,11,,,,
8,13,Dwight,57,,,,
8,13,Kevin,12,,,,
8,13,Darryl,5,,,,
8,13,Ryan,2,,,,
8,13,Oscar,24,,,,
8,13,Gabe,5,,,,
8,13,Meredith,2,,,,
8,13,Stanley,4,,,,
8,13,Toby,5,,,,
8,13,Angela,31,,,,
8,13,Senator Lipton,9,,,,
8,13,Ernesto,4,,,,
8,13,Nate,3,,,,
8,13,Creed,4,,,,
8,13,Pam,24,,,,
8,13,All,1,,,,
8,13,Cece,7,,,,
8,13,Kelly,2,,,,
8,13,Nurse,2,,,,
8,14,Jim,30,,,,
8,14,Pam,29,,,,
8,14,All,1,,,,
8,14,Andy,45,,,,
8,14,Phyllis,2,,,,
8,14,Stanley,7,,,,
8,14,Angela,8,,,,
8,14,Dwight,67,,,,
8,14,Kelly,8,,,,
8,14,Oscar,4,,,,
8,14,Kevin,5,,,,
8,14,Erin,14,,,,
8,14,Darryl,23,,,,
8,14,Val,9,,,,
8,14,Nate,12,,,,
8,14,Kathy,2,,,,
8,14,Bob,4,,,,
8,14,Meredith,2,,,,
8,14,Ryan,12,,,,
8,14,Group,1,,,,
8,14,Creed,1,,,,
8,14,Toby,2,,,,
8,15,Dwight,63,,,,
8,15,Erin,21,,,,
8,15,Stanley,13,,,,
8,15,Ryan,9,,,,
8,15,Jim,32,,,,
8,15,Cathy,4,,,,
8,15,Saleswoman,1,,,,
8,15,Andy,22,,,,
8,15,Creed,2,,,,
8,15,Darryl,4,,,,
8,15,Meredith,2,,,,
8,15,Oscar,1,,,,
8,15,Pam,10,,,,
8,15,Everyone,3,,,,
8,15,Kelly,3,,,,
8,15,Packer,17,,,,
8,15,Nellie,27,,,,
8,15,Emergency Operator,1,,,,
8,15,Paramedic,2,,,,
8,15,Kevin,2,,,,
8,15,Donna Muraski,2,,,,
8,15,Wally Amos,4,,,,
8,16,Pam,15,,,,
8,16,Angela,11,,,,
8,16,Oscar,10,,,,
8,16,Andy,20,,,,
8,16,Angela/Pam,1,,,,
8,16,Nellie,24,,,,
8,16,Packer,11,,,,
8,16,Dwight,60,,,,
8,16,Jim,53,,,,
8,16,Cathy,25,,,,
8,16,Gabe,6,,,,
8,16,Stanley,6,,,,
8,16,Ryan,20,,,,
8,16,Erin,19,,,,
8,16,Waitress,1,,,,
8,16,Kevin,4,,,,
8,16,Phyllis,4,,,,
8,16,Kelly,8,,,,
8,16,Darryl,14,,,,
8,16,Val,9,,,,
8,16,Brandon,12,,,,
8,16,Everyone,2,,,,
8,17,Dwight,53,,,,
8,17,Ryan,17,,,,
8,17,Erin,10,,,,
8,17,Nellie,18,,,,
8,17,Jim,28,,,,
8,17,Todd Packer,4,,,,
8,17,Cathy,4,,,,
8,17,Andy,28,,,,
8,17,Kevin,8,,,,
8,17,Kelly,9,,,,
8,17,Phyllis,2,,,,
8,17,Darryl,4,,,,
8,17,Meredith,3,,,,
8,17,Angela,9,,,,
8,17,Pam,10,,,,
8,17,Oscar,6,,,,
8,17,Man,1,,,,
8,17,Blogger,4,,,,
8,17,Toby,18,,,,
8,17,Blogger 2,1,,,,
8,17,Creed,1,,,,
8,17,Everyone,1,,,,
8,17,Lady Blogger,1,,,,
8,17,Patty,1,,,,
8,17,Lady,5,,,,
8,17,Girl,4,,,,
8,17,Stanley,1,,,,
8,17,Old Lady,4,,,,
8,17,Crowd,1,,,,
8,17,Others,1,,,,
8,18,Andy,20,,,,
8,18,Everyone,1,,,,
8,18,Angela,3,,,,
8,18,Phyllis,6,,,,
8,18,Oscar,4,,,,
8,18,Creed,2,,,,
8,18,Pam,10,,,,
8,18,Dwight,45,,,,
8,18,Nellie,12,,,,
8,18,Robert California,14,,,,
8,18,Jim,45,,,,
8,18,Darryl,26,,,,
8,18,Toby,16,,,,
8,18,Erin,15,,,,
8,18,Elderly Woman,1,,,,
8,18,Irene,6,,,,
8,18,Kevin,19,,,,
8,18,Gabe,1,,,,
8,18,Todd Packer,9,,,,
8,18,Stanley,2,,,,
8,18,Kelly,3,,,,
8,18,Meredith,1,,,,
8,18,Cathy,1,,,,
8,18,Ryan,2,,,,
8,19,Pam,17,,,,
8,19,Kevin,8,,,,
8,19,Jim,37,,,,
8,19,Oscar,1,,,,
8,19,Ryan,1,,,,
8,19,Dwight,21,,,,
8,19,Meredith,2,,,,
8,19,Darryl,7,,,,
8,19,All,2,,,,
8,19,Phyllis,4,,,,
8,19,Nellie,42,,,,
8,19,Toby,3,,,,
8,19,Erin,32,,,,
8,19,Alonzo,1,,,,
8,19,Robert,24,,,,
8,19,Andy,32,,,,
8,19,Irene,16,,,,
8,19,Glenn,4,,,,
8,19,Angela,1,,,,
8,19,Kelly,1,,,,
8,19,Creed,1,,,,
8,19,Stanley,1,,,,
8,20,Pam,32,,,,
8,20,Jim,39,,,,
8,20,Phyllis,9,,,,
8,20,Oscar,11,,,,
8,20,Angela,8,,,,
8,20,Dwight,22,,,,
8,20,Gabe,2,,,,
8,20,Robert,19,,,,
8,20,Nellie,22,,,,
8,20,Kevin & Meredith,1,,,,
8,20,Kevin,3,,,,
8,20,Stanley,1,,,,
8,20,Andy,48,,,,
8,20,Erin,25,,,,
8,20,Lauren,11,,,,
8,20,Jessica,14,,,,
8,20,Party guests,1,,,,
8,20,Megan,7,,,,
8,20,Darryl,1,,,,
8,20,Ryan,3,,,,
8,20,All,3,,,,
8,20,Creed,3,,,,
8,20,Kenny,5,,,,
8,20,Magician,10,,,,
8,20,Woman,1,,,,
8,20,Various,2,,,,
8,20,Hank,4,,,,
8,21,Phyllis,10,,,,
8,21,Jim,19,,,,
8,21,Darryl,5,,,,
8,21,Oscar,7,,,,
8,21,Meredith,1,,,,
8,21,Pam,29,,,,
8,21,Andy,53,,,,
8,21,Andy & Erin,1,,,,
8,21,Erin,24,,,,
8,21,Kevin,9,,,,
8,21,Dwight,16,,,,
8,21,Nellie,36,,,,
8,21,Ravi,1,,,,
8,21,Kelly,13,,,,
8,21,Ryan,30,,,,
8,21,Robert,18,,,,
8,21,Angela,7,,,,
8,21,Robert & Creed,1,,,,
8,21,Creed,2,,,,
8,21,All,1,,,,
8,21,Gabe,4,,,,
8,21,Stanley,1,,,,
8,21,Toby,1,,,,
8,21,Nate,1,,,,
8,21,Wrangler,2,,,,
8,22,Ryan,17,,,,
8,22,Pam,22,,,,
8,22,Jim,24,,,,
8,22,Nellie,17,,,,
8,22,Dwight,15,,,,
8,22,Oscar,16,,,,
8,22,Darryl,14,,,,
8,22,Robert,13,,,,
8,22,Angela,4,,,,
8,22,Erin,7,,,,
8,22,Phyllis,1,,,,
8,22,Andy,41,,,,
8,22,Kevin,18,,,,
8,22,Creed,1,,,,
8,22,Senator,7,,,,
8,22,Meredith,2,,,,
8,22,Stanley,1,,,,
8,22,Waiter,2,,,,
8,22,David,5,,,,
8,22,Speaker,6,,,,
8,22,Vet,6,,,,
8,23,Gabe,13,,,,
8,23,Dwight,56,,,,
8,23,Jim,48,,,,
8,23,All,1,,,,
8,23,Robert,33,,,,
8,23,Andy,28,,,,
8,23,Erin,8,,,,
8,23,Stanley,1,,,,
8,23,Phyllis,1,,,,
8,23,Oscar,1,,,,
8,23,Kevin,1,,,,
8,23,Nellie,15,,,,
8,23,Pam,23,,,,
8,23,Harry,25,,,,
8,23,Toby,7,,,,
8,23,Creed,1,,,,
8,23,Receptionist,4,,,,
8,23,Mr. Ramish,11,,,,
8,23,Angela,3,,,,
8,23,Phone,4,,,,
8,23,David,4,,,,
8,24,Oscar,11,,,,
8,24,Phyllis,5,,,,
8,24,Dwight,27,,,,
8,24,Kelly,4,,,,
8,24,Pam,22,,,,
8,24,Robert,15,,,,
8,24,Kevin,3,,,,
8,24,Sasha,1,,,,
8,24,Jake,1,,,,
8,24,Meredith,2,,,,
8,24,Angela,20,,,,
8,24,Jim,31,,,,
8,24,Darryl,15,,,,
8,24,Hide,2,,,,
8,24,Calvin,3,,,,
8,24,Andy,49,,,,
8,24,Gabe,2,,,,
8,24,Nellie,19,,,,
8,24,Creed,1,,,,
8,24,Photographer,2,,,,
8,24,Senator Lipton,14,,,,
8,24,Erin,9,,,,
8,24,Brandon,6,,,,
8,24,Val,4,,,,
8,24,Toby,5,,,,
8,24,Ravi,1,,,,
8,24,Others,1,,,,
8,24,David,17,,,,
8,24,Stanley,1,,,,
8,24,Mose,2,,,,
9,1,Erin,4,,,,
9,1,Dwight,42,,,,
9,1,Doctor,1,,,,
9,1,Angela,16,,,,
9,1,Kevin,7,,,,
9,1,Oscar,9,,,,
9,1,Pam,19,,,,
9,1,Jim,21,,,,
9,1,Toby,11,,,,
9,1,Kelly,2,,,,
9,1,Ryan,1,,,,
9,1,Off-camera,2,,,,
9,1,Clark,22,,,,
9,1,Stanley,3,,,,
9,1,Phyllis,1,,,,
9,1,Nellie,10,,,,
9,1,Meredith,2,,,,
9,1,Pete,13,,,,
9,1,Andy,33,,,,
9,1,Darryl,3,,,,
9,1,David,1,,,,
9,1,Rafe,1,,,,
9,1,Creed,1,,,,
9,2,Pam,34,,,,
9,2,Kevin,10,,,,
9,2,Erin,31,,,,
9,2,Andy,33,,,,
9,2,Creed,4,,,,
9,2,Jim,39,,,,
9,2,Pete,16,,,,
9,2,Clark,22,,,,
9,2,Nellie,31,,,,
9,2,Roy,11,,,,
9,2,Darryl,11,,,,
9,2,Server,2,,,,
9,2,Stanley,1,,,,
9,2,Angela,7,,,,
9,2,Toby,5,,,,
9,2,Dwight,31,,,,
9,2,Kenny,1,,,,
9,2,Oscar,5,,,,
9,2,Phyllis,1,,,,
9,2,Meredith,1,,,,
9,3,Fake Jim,6,,,,
9,3,Dwight,24,,,,
9,3,Voicemail,2,,,,
9,3,Pam,32,,,,
9,3,Erin,21,,,,
9,3,Darryl,31,,,,
9,3,Nellie,33,,,,
9,3,Andy,44,,,,
9,3,Nellie and Pam,1,,,,
9,3,Jim,19,,,,
9,3,Pete,5,,,,
9,3,Clark,4,,,,
9,3,Oscar,7,,,,
9,3,Phyllis,3,,,,
9,3,Stanley,2,,,,
9,3,Angela,2,,,,
9,3,Kevin,3,,,,
9,3,Meredith,1,,,,
9,4,Andy,40,,,,
9,4,Oscar,14,,,,
9,4,Dwight,40,,,,
9,4,Jim,59,,,,
9,4,Darryl,11,,,,
9,4,Video Andy,1,,,,
9,4,Group,19,,,,
9,4,Phyllis,5,,,,
9,4,Stanley,10,,,,
9,4,Toby,2,,,,
9,4,Pam,29,,,,
9,4,Nellie,27,,,,
9,4,Meredith,7,,,,
9,4,Clark,12,,,,
9,4,Creed,3,,,,
9,4,Angela,5,,,,
9,4,Pete,2,,,,
9,4,Erin,11,,,,
9,4,Kevin,16,,,,
9,4,Phyllis, Kevin & Stanley,1,,,
9,5,Dwight,39,,,,
9,5,Jim,35,,,,
9,5,Erin,22,,,,
9,5,Pam,32,,,,
9,5,Andy,50,,,,
9,5,Angela,6,,,,
9,5,Darryl,6,,,,
9,5,Stanley,2,,,,
9,5,Clark,5,,,,
9,5,Meredith,5,,,,
9,5,Nellie,21,,,,
9,5,HCT Member #1,1,,,,
9,5,HCT Member #2,2,,,,
9,5,Pete,2,,,,
9,5,Creed,3,,,,
9,5,Broccoli Rob,11,,,,
9,5,Businessman #1,2,,,,
9,5,Businessman #2,3,,,,
9,5,Businessman #3,3,,,,
9,5,HCT,2,,,,
9,5,HCT Member #3,10,,,,
9,5,Oscar,3,,,,
9,5,Senator Lipton,5,,,,
9,5,Toby,4,,,,
9,5,Kevin,2,,,,
9,6,Oscar,27,,,,
9,6,Andy,54,,,,
9,6,White,1,,,,
9,6,Pam,11,,,,
9,6,Jim,9,,,,
9,6,Kevin,24,,,,
9,6,Creed,1,,,,
9,6,Dwight,33,,,,
9,6,Meredith,3,,,,
9,6,Darryl,4,,,,
9,6,Angela,12,,,,
9,6,Erin,40,,,,
9,6,Nellie,16,,,,
9,6,Pete,10,,,,
9,6,Toby,9,,,,
9,6,Boat Guy,12,,,,
9,6,Walt Jr.,4,,,,
9,6,David Wallace,7,,,,
9,6,All,1,,,,
9,6,Senator Liptop,3,,,,
9,7,Andy,9,,,,
9,7,Everyone,2,,,,
9,7,Pam,45,,,,
9,7,Phyllis,14,,,,
9,7,Erin,17,,,,
9,7,Darryl,3,,,,
9,7,Dwight,52,,,,
9,7,David,6,,,,
9,7,Jim,21,,,,
9,7,Nellie,6,,,,
9,7,Meredith,4,,,,
9,7,Creed,1,,,,
9,7,Pete,8,,,,
9,7,Kevin,3,,,,
9,7,Clark,4,,,,
9,7,Toby,5,,,,
9,7,Angela,21,,,,
9,7,Oscar,20,,,,
9,7,Business partner,10,,,,
9,7,Hank,3,,,,
9,7,Secretary,2,,,,
9,7,Jan,25,,,,
9,7,Molly,3,,,,
9,7,Colin,4,,,,
9,8,Oscar,22,,,,
9,8,Angela,52,,,,
9,8,Dwight,57,,,,
9,8,Pam,17,,,,
9,8,Meredith,8,,,,
9,8,Jim,29,,,,
9,8,Pete,23,,,,
9,8,David,3,,,,
9,8,Stanley,13,,,,
9,8,Phyllis,12,,,,
9,8,Kevin,16,,,,
9,8,Darryl,6,,,,
9,8,Trevor,22,,,,
9,8,Hide,4,,,,
9,8,Erin,6,,,,
9,8,Creed,3,,,,
9,8,Waiter,2,,,,
9,8,Nellie,9,,,,
9,8,Everyone,3,,,,
9,8,Toby,8,,,,
9,9,Jim,58,,,,
9,9,Pam,32,,,,
9,9,Dwight,59,,,,
9,9,Erin,24,,,,
9,9,Angela,11,,,,
9,9,Nellie,11,,,,
9,9,Kevin,13,,,,
9,9,Oscar,7,,,,
9,9,Phyllis,10,,,,
9,9,Meredith,5,,,,
9,9,Stanley,5,,,,
9,9,Creed,2,,,,
9,9,Pete,22,,,,
9,9,Darryl,17,,,,
9,9,Toby,11,,,,
9,10,Kevin,14,,,,
9,10,Jim,28,,,,
9,10,Darryl,15,,,,
9,10,Erin,26,,,,
9,10,Pam,44,,,,
9,10,Worker,1,,,,
9,10,Val,13,,,,
9,10,Meredith,22,,,,
9,10,Angela,16,,,,
9,10,Dwight,18,,,,
9,10,Oscar,10,,,,
9,10,Phyllis,8,,,,
9,10,Nellie,9,,,,
9,10,Stanley,4,,,,
9,10,Limo Driver,2,,,,
9,10,Creed,4,,,,
9,10,Julius Irving,1,,,,
9,10,Julius,8,,,,
9,10,Pete,7,,,,
9,10,Helene,2,,,,
9,10,Both,1,,,,
9,11,New Instant Message,1,,,,
9,11,Dwight,41,,,,
9,11,Jim,18,,,,
9,11,Phyllis,6,,,,
9,11,Nellie,9,,,,
9,11,Darryl,19,,,,
9,11,Pam,23,,,,
9,11,Erin,11,,,,
9,11,Clark,35,,,,
9,11,Meredith,6,,,,
9,11,Oscar,19,,,,
9,11,Kevin,19,,,,
9,11,Pete,2,,,,
9,11,Suit Store Father,11,,,,
9,11,Angela,13,,,,
9,11,Everyone,1,,,,
9,11,Creed,3,,,,
9,11,Athlead Employee,9,,,,
9,11,Dennis,3,,,,
9,11,Wade,1,,,,
9,11,Suit Store Son,10,,,,
9,11,Female Athlead Employee,2,,,,
9,11,3rd Athlead Employee,1,,,,
9,11,4th Athlead Employee,1,,,,
9,11,Stanley,4,,,,
9,12,Dwight,42,,,,
9,12,Pam,47,,,,
9,12,Jim,37,,,,
9,12,Kevin,10,,,,
9,12,Angela,6,,,,
9,12,Oscar,8,,,,
9,12,Pete,12,,,,
9,12,All,1,,,,
9,12,Nellie,24,,,,
9,12,Erin,18,,,,
9,12,Co-worker,3,,,,
9,12,Co-worker #2,1,,,,
9,12,Darryl,21,,,,
9,12,Cece,4,,,,
9,12,Phyllis,3,,,,
9,12,Clark,1,,,,
9,12,Mr. Romanko,3,,,,
9,12,Stanley,1,,,,
9,12,Creed,2,,,,
9,12,Dance Teacher,1,,,,
9,12,Ballerinas,2,,,,
9,12,Parent in Audience,1,,,,
9,12,Audience,1,,,,
9,12,Parent in audience #2,1,,,,
9,12,Parent in audience #1,1,,,,
9,12,Meredith,2,,,,
9,12,Investor,1,,,,
9,12,Lonnie,2,,,,
9,12,Toby,7,,,,
9,12,Fast Food Worker,1,,,,
9,12,Drive Thru Customer,1,,,,
9,12,Brian,5,,,,
9,12,Cameraman,1,,,,
9,12,Guy,3,,,,
9,13,Pam,23,,,,
9,13,Brian,7,,,,
9,13,Erin,2,,,,
9,13,Meredith,5,,,,
9,13,Clark,32,,,,
9,13,Dwight,86,,,,
9,13,Jim,45,,,,
9,13,Rolf,12,,,,
9,13,Trevor,9,,,,
9,13,Stanley,2,,,,
9,13,Oscar,2,,,,
9,13,Darryl,2,,,,
9,13,Kevin,1,,,,
9,13,Mose,4,,,,
9,13,Gabor,3,,,,
9,13,Nate,2,,,,
9,13,Zeke,4,,,,
9,13,Melvina,5,,,,
9,13,Angela,1,,,,
9,13,Nellie,3,,,,
9,13,David Wallace,9,,,,
9,13,Hide,4,,,,
9,13,Troy,1,,,,
9,13,Wolf,10,,,,
9,13,Sensei Ira,1,,,,
9,14,Nellie,9,,,,
9,14,Erin,10,,,,
9,14,Darryl,35,,,,
9,14,Pam,57,,,,
9,14,Angela,15,,,,
9,14,Kevin,6,,,,
9,14,Oscar,12,,,,
9,14,Jim,30,,,,
9,14,Dwight,37,,,,
9,14,Meredith,1,,,,
9,14,Creed,1,,,,
9,14,Phyllis,1,,,,
9,14,Frank,8,,,,
9,14,Glenn,1,,,,
9,14,Val,1,,,,
9,14,Nate,4,,,,
9,14,Party Announcer,1,,,,
9,14,Senator,8,,,,
9,14,Athlead Employee,1,,,,
9,14,Toby,3,,,,
9,14,Party Guest,1,,,,
9,14,Clark,4,,,,
9,14,Party Photographer,5,,,,
9,14,Party Waiter,1,,,,
9,14,Brian,8,,,,
9,15,Pam,28,,,,
9,15,Jim,26,,,,
9,15,Erin,26,,,,
9,15,Pete,8,,,,
9,15,Dwight,32,,,,
9,15,Kevin,6,,,,
9,15,Nellie,7,,,,
9,15,Meredith,2,,,,
9,15,Phyllis,6,,,,
9,15,Stanley,1,,,,
9,15,Angela,4,,,,
9,15,Clark,9,,,,
9,15,Oscar,7,,,,
9,15,Darryl,3,,,,
9,15,Nail stylist 1,1,,,,
9,15,Nail stylist 2,2,,,,
9,15,Nail manager,2,,,,
9,15,Brian,10,,,,
9,15,Andy,62,,,,
9,15,Jan,8,,,,
9,15,David Wallace,10,,,,
9,16,David Wallace,1,,,,
9,16,Andy,83,,,,
9,16,David,15,,,,
9,16,Erin,33,,,,
9,16,Pam,55,,,,
9,16,Stanley,5,,,,
9,16,Phyllis,10,,,,
9,16,Dwight,44,,,,
9,16,Angela,42,,,,
9,16,Pete,41,,,,
9,16,Clark,9,,,,
9,16,Shirley,16,,,,
9,16,Oscar,8,,,,
9,16,Creed,4,,,,
9,16,Meredith,7,,,,
9,16,Darryl,5,,,,
9,16,Kevin,5,,,,
9,16,Jim,28,,,,
9,16,Isaac,3,,,,
9,16,Athlead Coworker,1,,,,
9,16,Toby,15,,,,
9,16,Mark,21,,,,
9,16,Nellie,8,,,,
9,16,Roger,1,,,,
9,16,Alice,19,,,,
9,16,Gabe,20,,,,
9,16,Oscar's Computer,1,,,,
9,17,Dwight,50,,,,
9,17,Creed,3,,,,
9,17,Erin,4,,,,
9,17,Pam,21,,,,
9,17,Jim,6,,,,
9,17,Phyllis,8,,,,
9,17,Kevin,12,,,,
9,17,Oscar,11,,,,
9,17,Mose,3,,,,
9,17,Zeke,9,,,,
9,17,Jeb,11,,,,
9,17,Todd Packer,14,,,,
9,17,Clark,5,,,,
9,17,German Minister,3,,,,
9,17,Fannie,18,,,,
9,17,Henry,3,,,,
9,17,Esther,2,,,,
9,17,Stanley,2,,,,
9,17,Nellie,2,,,,
9,17,Angela,8,,,,
9,17,Andy,5,,,,
9,17,Meredith,3,,,,
9,17,Aunt Shirley,3,,,,
9,17,Cameron,9,,,,
9,17,Darryl,1,,,,
9,18,Kevin,9,,,,
9,18,Pam,42,,,,
9,18,Clark,23,,,,
9,18,Dwight,37,,,,
9,18,Phyllis,6,,,,
9,18,Darryl,12,,,,
9,18,Meredith,3,,,,
9,18,Group,4,,,,
9,18,Andy,11,,,,
9,18,Angela,32,,,,
9,18,Toby,2,,,,
9,18,Oscar,29,,,,
9,18,Jim,31,,,,
9,18,Promo Voice,1,,,,
9,18,Ryan Howard,17,,,,
9,18,Erin,3,,,,
9,18,Mr. Ruger,5,,,,
9,18,Esther,8,,,,
9,18,Stanley,5,,,,
9,18,Nellie,4,,,,
9,18,Pete,2,,,,
9,18,Ruger Sister 1,2,,,,
9,18,Salesmen,1,,,,
9,18,Salesman,1,,,,
9,18,Ruger Sister 2,1,,,,
9,18,Brian,23,,,,
9,18,Senator,1,,,,
9,18,Angela & Oscar,1,,,,
9,19,Stanley,18,,,,
9,19,Erin,10,,,,
9,19,Oscar,7,,,,
9,19,Andy,31,,,,
9,19,Phyllis,5,,,,
9,19,Dwight,58,,,,
9,19,Everyone,1,,,,
9,19,Nellie,13,,,,
9,19,Pete,2,,,,
9,19,Pam,9,,,,
9,19,Jim,15,,,,
9,19,Toby,14,,,,
9,19,Clark,36,,,,
9,19,Angela,2,,,,
9,19,Robert,7,,,,
9,19,Meredith,2,,,,
9,19,Kevin,5,,,,
9,19,Reporter #1,1,,,,
9,19,Reporter #2,1,,,,
9,19,Creed,2,,,,
9,19,Man,6,,,,
9,19,Mrs. Davis,5,,,,
9,19,Carla,8,,,,
9,19,Todd,2,,,,
9,20,Erin,16,,,,
9,20,Toby,7,,,,
9,20,Clark,6,,,,
9,20,Dwight,21,,,,
9,20,Nellie,20,,,,
9,20,Pam,22,,,,
9,20,Andy,39,,,,
9,20,Darryl,10,,,,
9,20,Jim,17,,,,
9,20,Stanley,2,,,,
9,20,Oscar,2,,,,
9,20,Robert,2,,,,
9,20,Angela,16,,,,
9,20,Group,2,,,,
9,20,Carla Fern,5,,,,
9,20,Woman,3,,,,
9,20,Kevin,10,,,,
9,20,Director,13,,,,
9,20,Producer,6,,,,
9,20,Pete,4,,,,
9,20,Bob Vance, Vance Refrigeration,1,,,
9,20,Esther,6,,,,
9,20,Production Assistant,1,,,,
9,20,Creed,1,,,,
9,20,Pastor,1,,,,
9,21,Jim,63,,,,
9,21,Pam,30,,,,
9,21,Andy,68,,,,
9,21,Oscar,19,,,,
9,21,Angela,30,,,,
9,21,Kevin,13,,,,
9,21,Dwight,54,,,,
9,21,David Wallace,37,,,,
9,21,Erin,9,,,,
9,21,Creed,2,,,,
9,21,Clark,8,,,,
9,21,Phyllis,4,,,,
9,21,Pete,5,,,,
9,21,Darryl,11,,,,
9,21,Stanley,4,,,,
9,21,Sensei,11,,,,
9,21,Esther,1,,,,
9,21,Nellie,5,,,,
9,21,Meredith,1,,,,
9,21,Toby,7,,,,
9,22,Erin,22,,,,
9,22,Kevin,30,,,,
9,22,Dwight,87,,,,
9,22,Creed,4,,,,
9,22,Philip,1,,,,
9,22,Oscar,28,,,,
9,22,Angela,39,,,,
9,22,Esther,4,,,,
9,22,Andy,44,,,,
9,22,Check-in guy,7,,,,
9,22,Jim,89,,,,
9,22,Pam,34,,,,
9,22,Everyone,1,,,,
9,22,Meredith,9,,,,
9,22,Stanley,4,,,,
9,22,Casey,22,,,,
9,22,Angela & Oscar,2,,,,
9,22,Mark McGrath,4,,,,
9,22,Pete,4,,,,
9,22,Darryl,30,,,,
9,22,Glenn,1,,,,
9,22,Jim & Dwight,2,,,,
9,22,Clark,5,,,,
9,22,Soldier,1,,,,
9,22,Hank,1,,,,
9,22,Phyllis,7,,,,
9,22,Camera Crew,1,,,,
9,22,Phillip,3,,,,
9,22,People in line,1,,,,
9,22,Santigold,4,,,,
9,22,Aaron Rodgers,4,,,,
9,22,Clay Aiken,2,,,,
9,22,Bartender,4,,,,
9,24,Dwight,76,,,,
9,24,Camera Man,2,,,,
9,24,Kevin,31,,,,
9,24,Stanley,8,,,,
9,24,Meredith,15,,,,
9,24,Pam,45,,,,
9,24,All,9,,,,
9,24,Oscar,18,,,,
9,24,Jim,73,,,,
9,24,Toby,13,,,,
9,24,Crowd,1,,,,
9,24,Angela,23,,,,
9,24,Phyllis,17,,,,
9,24,Malcolm,3,,,,
9,24,Zeke,2,,,,
9,24,Clark,3,,,,
9,24,Andy,31,,,,
9,24,Casey Dean,1,,,,
9,24,Seth Mayers,3,,,,
9,24,Bill Hader,1,,,,
9,24,Dakota,3,,,,
9,24,Nellie,9,,,,
9,24,Darryl,19,,,,
9,24,Guy,1,,,,
9,24,Rachel,6,,,,
9,24,Stripper,5,,,,
9,24,Erin,11,,,,
9,24,Jakey,4,,,,
9,24,Mose,2,,,,
9,24,Man,1,,,,
9,24,Man 1,1,,,,
9,24,David Wallace,2,,,,
9,24,Pete,3,,,,
9,24,Woman 1,1,,,,
9,24,Woman 2,2,,,,
9,24,Man 2,2,,,,
9,24,Moderator,2,,,,
9,24,Man 3,1,,,,
9,24,Woman 3,1,,,,
9,24,Woman 4,2,,,,
9,24,Joan,5,,,,
9,24,Ed,2,,,,
9,24,Usher,1,,,,
9,24,Creed,8,,,,
9,24,Kelly,12,,,,
9,24,Ravi,7,,,,
9,24,Ryan,15,,,,
9,24,Michael,2,,,,
9,24,Minister,2,,,,
9,24,Val,3,,,,
9,24,Carol Stills,1,,,,
9,24,Carol,1,,,,
9,24,Buyer,2,,,,
9,24,Woman,1,,,,
9,24,Photographer,1,,,,
